iter,t_ms,y0_angle,y1_position,uLocal,uRemote,uOut,uDiff,loopIntervalMs,tcpRttMs,clamped
0,31.404,1.418000,0.000000,105.641000,108.471666,108.471666,-2.830666,0.000,20.825,0
1,46.811,1.418000,0.000000,52.466000,52.425649,52.425649,0.040351,30.020,6.410,0
2,78.957,1.418000,0.025000,56.838500,56.877940,56.877940,-0.039440,30.026,8.504,0
3,106.495,1.418000,0.222000,66.831700,66.925100,66.925100,-0.093400,29.973,6.106,0
4,137.024,0.976000,0.246000,37.673300,36.980762,36.980762,0.692538,29.998,6.637,0
5,169.435,0.534000,0.296000,26.471900,25.921739,25.921739,0.550161,30.028,9.032,0
6,200.512,-0.349000,0.394000,-17.173200,-18.435837,-18.435837,1.262637,30.017,9.974,0
7,226.733,-0.349000,0.468000,19.469100,20.142516,20.142516,-0.673416,30.058,6.145,0
8,256.246,-1.233000,0.517000,-45.814700,-46.719664,-46.719664,0.904964,30.364,5.125,0
9,286.354,-1.674000,0.517000,-46.487000,-46.239927,-46.239927,-0.247073,30.376,4.951,0
10,318.344,-1.674000,0.542000,-32.152800,-30.842663,-30.842663,-1.310137,31.033,5.922,0
11,347.260,-2.116000,0.444000,-72.531400,-71.939049,-71.939049,-0.592351,29.158,5.695,0
12,376.428,-1.674000,0.394000,-28.529000,-25.989600,-25.989600,-2.539400,29.985,4.907,0
13,407.065,-1.233000,0.394000,-17.350100,-14.652098,-14.652098,-2.698002,30.006,5.535,0
14,436.740,-1.233000,0.296000,-41.277000,-39.352890,-39.352890,-1.924110,30.014,5.202,0
15,467.742,0.534000,0.296000,87.605600,93.183879,93.183879,-5.578279,30.014,6.160,0
16,498.721,0.976000,0.271000,50.391700,53.368224,53.368224,-2.976524,29.971,7.317,0
17,527.261,1.418000,0.222000,66.560900,69.690310,69.690310,-3.129410,30.002,5.789,0
18,558.401,2.301000,0.468000,126.521200,130.636235,130.636235,-4.115035,30.007,6.969,0
19,588.612,2.301000,0.493000,97.090000,99.686952,99.686952,-2.596952,29.989,7.157,0
20,617.907,1.859000,0.517000,70.682200,72.627509,72.627509,-1.945309,30.005,6.471,0
21,647.678,1.418000,0.715000,66.688700,68.875739,68.875739,-2.187039,30.010,6.218,0
22,676.668,0.093000,0.764000,-9.739400,-9.004286,-9.004286,-0.735114,30.005,5.215,0
23,706.558,-0.791000,0.912000,-17.536700,-15.584321,-15.584321,-1.952379,30.041,5.072,0
24,735.683,-1.674000,1.060000,-45.391700,-42.947257,-42.947257,-2.444443,30.071,4.156,0
25,765.973,-2.558000,1.060000,-80.452700,-77.594077,-77.594077,-2.858623,30.070,4.342,0
26,796.512,-2.999000,1.035000,-85.063700,-80.901869,-80.901869,-4.161831,30.804,4.102,0
27,827.142,-3.883000,1.035000,-140.600700,-136.893749,-136.893749,-3.706951,30.011,4.693,0
28,856.573,-3.883000,1.010000,-115.672200,-109.754269,-109.754269,-5.917931,30.008,4.153,0
29,886.511,-3.883000,0.986000,-125.998100,-119.729633,-119.729633,-6.268467,29.992,4.085,0
30,916.455,-3.441000,0.764000,-109.954200,-102.480393,-102.480393,-7.473807,30.001,4.010,0
31,946.620,-2.999000,0.641000,-106.636600,-98.939248,-98.939248,-7.697352,30.012,4.211,0
32,976.440,-2.116000,0.468000,-71.323800,-62.521209,-62.521209,-8.802591,29.996,3.935,0
33,1007.687,-0.791000,0.296000,-18.348700,-8.577193,-8.577193,-9.771507,30.001,5.226,0
34,1043.473,0.093000,0.074000,-14.270800,-5.392353,-5.392353,-8.878447,29.998,11.040,0
35,1069.195,1.418000,-0.049000,45.916300,55.678825,55.678825,-9.762525,30.021,6.762,0
36,1098.454,2.301000,-0.099000,60.953900,69.799944,69.799944,-8.846044,29.986,6.005,0
37,1126.762,3.626000,-0.099000,130.239000,139.878493,139.878493,-9.639493,29.998,4.308,0
38,1156.743,3.626000,-0.099000,86.294100,93.262699,93.262699,-6.968599,30.060,4.269,0
39,1187.283,4.068000,-0.099000,128.278200,136.035356,136.035356,-7.757156,30.045,4.748,0
40,1217.117,3.626000,-0.025000,90.278700,96.338493,96.338493,-6.059793,30.105,4.480,0
41,1246.898,2.301000,0.025000,19.741700,24.015941,24.015941,-4.274241,29.954,4.321,0
42,1277.115,1.859000,0.246000,52.732800,58.913243,58.913243,-6.180443,30.066,4.456,0
43,1309.631,0.534000,0.345000,-21.013700,-16.504053,-16.504053,-4.509647,30.791,6.200,0
44,1343.699,-0.791000,0.370000,-64.826200,-60.130939,-60.130939,-4.695261,29.997,10.237,0
45,1368.673,-1.674000,0.517000,-74.759500,-68.999442,-68.999442,-5.760058,30.017,5.207,0
46,1398.030,-2.558000,0.517000,-109.871800,-103.858171,-103.858171,-6.013629,30.030,4.494,0
47,1428.440,-2.999000,0.517000,-113.709600,-106.589612,-106.589612,-7.119988,29.955,4.923,0
48,1458.432,-2.999000,0.468000,-105.137300,-96.978555,-96.978555,-8.158745,30.026,4.914,0
49,1487.962,-3.441000,0.370000,-148.613800,-141.160892,-141.160892,-7.452908,30.019,4.420,0
50,1518.089,-2.116000,0.271000,-43.769700,-32.683551,-32.683551,-11.086149,29.998,4.500,0
51,1548.988,-1.674000,0.197000,-71.256000,-61.848888,-61.848888,-9.407112,29.995,5.416,0
52,1579.810,-0.349000,-0.049000,-2.309400,8.821373,8.821373,-11.130773,30.008,6.240,0
53,1608.769,0.093000,-0.049000,-22.519800,-13.193264,-13.193264,-9.326536,29.980,5.247,0
54,1638.282,1.859000,-0.197000,86.696000,98.614276,98.614276,-11.918276,30.411,4.352,0
55,1668.064,2.301000,-0.222000,53.229300,62.373406,62.373406,-9.144106,29.651,4.441,0
56,1698.620,3.185000,-0.222000,107.212600,117.161904,117.161904,-9.949304,30.066,4.992,0
57,1728.178,3.185000,-0.172000,81.447900,89.538893,89.538893,-8.090993,30.058,4.488,0
58,1758.608,3.185000,-0.172000,89.243200,97.260762,97.260762,-8.017562,30.807,4.148,0
59,1789.066,3.185000,-0.099000,99.604800,107.565164,107.565164,-7.960364,29.996,4.541,0
60,1819.399,2.301000,-0.049000,43.135400,49.331545,49.331545,-6.196145,30.003,4.896,0
61,1848.471,0.976000,0.123000,-8.926300,-3.552867,-3.552867,-5.373433,30.008,3.991,0
62,1879.262,0.534000,0.296000,18.807300,26.104482,26.104482,-7.297182,30.005,4.489,0
63,1909.260,-0.791000,0.345000,-59.757700,-54.070317,-54.070317,-5.687383,29.996,4.787,0
64,1938.934,-2.116000,0.345000,-107.560200,-101.755169,-101.755169,-5.805031,30.000,4.318,0
65,1968.548,-2.999000,0.370000,-124.771700,-117.934501,-117.934501,-6.837199,30.005,3.931,0
66,1999.299,-3.441000,0.345000,-130.743700,-122.842644,-122.842644,-7.901056,29.999,4.708,0
67,2029.004,-3.441000,0.246000,-124.833600,-115.962038,-115.962038,-8.871562,30.000,4.365,0
68,2059.211,-2.999000,0.123000,-104.256800,-94.435376,-94.435376,-9.821424,30.005,4.653,0
69,2088.242,-2.558000,0.025000,-99.442300,-89.674446,-89.674446,-9.767854,30.008,3.759,0
70,2119.197,-1.674000,-0.099000,-61.427200,-50.814402,-50.814402,-10.612798,30.043,4.660,0
71,2148.899,-0.791000,-0.246000,-39.692300,-29.151962,-29.151962,-10.540338,30.061,4.296,0
72,2216.778,0.534000,-0.444000,15.585300,26.830978,26.830978,-11.245678,30.016,42.115,0
73,2221.998,0.976000,-0.567000,-6.672400,2.534379,2.534379,-9.206779,42.617,4.735,0
74,2239.935,2.301000,-0.665000,73.868600,84.584561,84.584561,-10.715961,18.258,4.472,0
75,2270.848,3.185000,-0.641000,93.501000,103.046748,103.046748,-9.545748,30.010,5.314,0
76,2299.648,3.626000,-0.690000,97.200000,105.589261,105.589261,-8.389261,29.995,4.110,0
77,2329.951,4.068000,-0.665000,122.459500,130.590419,130.590419,-8.130919,30.066,4.344,0
78,2359.965,4.068000,-0.665000,114.808000,121.795413,121.795413,-6.987413,29.971,4.345,0
79,2390.356,3.185000,-0.616000,60.749900,65.734000,65.734000,-4.984100,30.001,4.803,0
80,2419.715,2.743000,-0.444000,76.588000,82.271290,82.271290,-5.683290,30.021,4.064,0
81,2451.675,1.418000,-0.320000,5.957000,9.749494,9.749494,-3.792494,29.948,6.149,0
82,2492.474,0.534000,-0.197000,0.311300,4.903469,4.903469,-4.592169,30.024,16.919,0
83,2545.071,-0.791000,0.025000,-54.746700,-51.003045,-51.003045,-3.743655,30.018,39.508,0
84,2568.072,-1.674000,0.049000,-69.376800,-64.709999,-64.709999,-4.666801,39.979,22.568,0
85,2578.681,-2.558000,0.049000,-104.166900,-99.487456,-99.487456,-4.679444,22.999,10.196,0
86,2603.662,-3.441000,0.025000,-141.774900,-137.074972,-137.074972,-4.699928,26.972,8.188,0
87,2631.366,-3.883000,-0.025000,-149.566900,-143.975942,-143.975942,-5.590958,30.097,5.758,0
88,2662.186,-3.441000,-0.074000,-110.139800,-102.845548,-102.845548,-7.294252,30.097,6.466,0
89,2691.566,-3.883000,-0.246000,-174.904900,-169.421062,-169.421062,-5.483838,30.063,5.759,0
90,2722.478,-2.558000,-0.444000,-74.282300,-65.484833,-65.484833,-8.797467,30.777,5.915,0
91,2752.210,-1.233000,-0.542000,-37.659000,-29.047954,-29.047954,-8.611046,29.987,5.684,0
92,2782.500,-0.349000,-0.887000,-39.063200,-31.770003,-31.770003,-7.293197,30.000,5.958,0
93,2813.025,0.976000,-1.010000,20.291800,28.103429,28.103429,-7.811629,30.005,6.457,0
94,2842.881,2.301000,-1.084000,66.262900,73.601424,73.601424,-7.338524,30.012,6.293,0
95,2873.392,3.185000,-1.183000,81.710100,87.716682,87.716682,-6.006582,30.008,6.803,0
96,2902.258,4.510000,-1.183000,153.203800,159.582970,159.582970,-6.379170,29.981,5.689,0
97,2933.411,4.951000,-1.183000,144.215000,148.338449,148.338449,-4.123449,30.010,6.777,0
98,2962.344,4.951000,-1.183000,138.834200,141.591404,141.591404,-2.757204,29.998,5.775,0
99,2992.227,4.068000,-1.035000,90.208700,90.814523,90.814523,-0.605823,30.006,5.660,0
100,3021.957,3.185000,-0.936000,72.644600,72.907770,72.907770,-0.263170,30.003,5.374,0
101,3052.169,1.859000,-0.764000,22.442700,21.495527,21.495527,0.947173,30.007,5.618,0
102,3083.079,0.534000,-0.616000,-14.275900,-15.447072,-15.447072,1.171172,29.995,6.494,0
103,3111.901,-0.349000,-0.444000,-20.536800,-21.002812,-21.002812,0.466012,30.046,5.308,0
104,3142.210,-1.674000,-0.370000,-82.912800,-84.386755,-84.386755,1.473955,30.067,5.501,0
105,3172.828,-2.999000,-0.394000,-133.863700,-135.515894,-135.515894,1.652194,30.071,5.853,0
106,3203.402,-3.441000,-0.419000,-122.085100,-122.069717,-122.069717,-0.015383,30.826,5.799,0
107,3232.527,-3.441000,-0.493000,-115.423900,-114.772311,-114.772311,-0.651589,30.003,4.929,0
108,3262.785,-3.441000,-0.690000,-130.374400,-129.987059,-129.987059,-0.387341,30.001,5.185,0
109,3292.472,-2.558000,-0.764000,-75.120800,-73.251864,-73.251864,-1.868936,30.004,4.869,0
110,3322.460,-1.674000,-0.862000,-54.076000,-52.580606,-52.580606,-1.495394,29.996,4.855,0
111,3352.415,-1.233000,-1.060000,-67.112500,-66.930028,-66.930028,-0.182472,30.005,4.813,0
112,3382.222,-0.349000,-1.183000,-25.560300,-24.993349,-24.993349,-0.566951,30.001,4.600,0
113,3412.119,0.976000,-1.380000,30.649700,31.554116,31.554116,-0.904416,30.004,4.422,0
114,3443.808,2.301000,-1.602000,71.907000,72.151423,72.151423,-0.244423,30.001,6.157,0
115,3473.919,2.743000,-1.676000,55.644900,53.463271,53.463271,2.181629,30.014,6.254,0
116,3504.010,3.185000,-1.626000,79.460800,76.653941,76.653941,2.806859,30.022,6.193,0
117,3532.670,4.510000,-1.528000,171.387000,169.704486,169.704486,1.682514,29.956,4.995,0
118,3562.406,4.510000,-1.528000,129.215200,124.267032,124.267032,4.948168,29.998,4.759,0
119,3592.188,4.068000,-1.528000,107.408400,100.941723,100.941723,6.466677,30.041,4.483,0
120,3624.078,3.626000,-1.306000,109.524800,102.552908,102.552908,6.971892,30.014,6.353,0
121,3652.139,2.301000,-1.207000,40.037600,30.815331,30.815331,9.222269,30.058,4.339,0
122,3682.505,1.859000,-1.060000,70.309100,62.432572,62.432572,7.876528,30.110,4.550,0
123,3712.867,0.093000,-0.862000,-32.923600,-43.738429,-43.738429,10.814829,30.061,4.946,0
124,3743.971,-1.233000,-0.788000,-59.068900,-69.312198,-69.312198,10.243298,30.756,5.260,0
125,3773.153,-2.116000,-0.641000,-70.330000,-79.969686,-79.969686,9.639686,29.980,4.490,0
126,3803.857,-2.999000,-0.715000,-109.038000,-118.917616,-118.917616,9.879616,29.999,5.194,0
127,3833.893,-3.441000,-0.862000,-118.859700,-128.255618,-128.255618,9.395918,29.999,5.235,0
128,3863.151,-3.883000,-0.862000,-142.356400,-152.031371,-152.031371,9.674971,29.996,4.443,0
129,3893.704,-3.883000,-0.936000,-136.919500,-146.156448,-146.156448,9.236948,30.010,5.006,0
130,3922.894,-3.441000,-1.060000,-117.674000,-126.391183,-126.391183,8.717183,30.007,4.279,0
131,3953.263,-2.116000,-1.281000,-52.293100,-59.772557,-59.772557,7.479457,29.998,4.634,0
132,3982.679,-1.233000,-1.503000,-51.612900,-60.590110,-60.590110,8.977210,30.028,4.079,0
133,4013.934,0.093000,-1.725000,1.939100,-6.877208,-6.877208,8.816308,29.999,5.332,0
134,4043.485,1.418000,-1.873000,43.438800,33.868578,33.868578,9.570222,30.005,4.850,0
135,4073.331,3.185000,-2.094000,118.566900,108.994837,108.994837,9.572063,30.020,4.687,0
136,4102.755,4.510000,-2.144000,153.360500,142.090937,142.090937,11.269563,29.965,4.123,0
137,4132.820,5.835000,-2.119000,211.111100,198.986252,198.986252,12.124848,30.095,4.122,0
138,4163.099,6.718000,-2.070000,239.817100,225.938462,225.938462,13.878638,30.036,4.375,0
139,4192.711,6.718000,-2.020000,222.593100,206.158138,206.158138,16.434962,30.058,3.924,0
140,4223.586,7.160000,-1.799000,279.280200,262.983122,262.983122,16.297078,30.820,3.955,0
141,4253.483,6.277000,-1.602000,219.394500,199.798716,199.798716,19.595784,30.004,3.848,0
142,4283.799,4.068000,-1.306000,114.882900,92.172596,92.172596,22.710304,30.001,4.173,0
143,4314.457,2.743000,-0.862000,128.378200,107.066080,107.066080,21.312120,30.001,4.820,0
144,4344.258,0.093000,-0.493000,1.606400,-22.559536,-22.559536,24.165936,30.001,4.626,0
145,4373.815,-2.116000,-0.197000,-48.090300,-71.371132,-71.371132,23.280832,30.010,4.182,0
146,4403.628,-4.325000,0.222000,-116.629600,-139.797641,-139.797641,23.168041,30.024,3.952,0
147,4433.982,-6.533000,0.246000,-204.018500,-227.097028,-227.097028,23.078528,29.988,4.349,0
148,4464.212,-7.858000,0.197000,-232.412800,-253.629116,-253.629116,21.216316,30.059,4.465,0
149,4495.378,-8.742000,0.074000,-268.820400,-289.060606,-289.060606,20.240206,31.032,4.566,0
150,4523.998,-9.625000,-0.296000,-332.969500,-353.334151,-353.334151,20.364651,28.909,4.300,0
151,4554.552,-10.067000,-0.862000,-372.295200,-392.139386,-392.139386,19.844186,30.052,4.747,0
152,4584.425,-9.625000,-1.429000,-364.009600,-382.680163,-382.680163,18.670563,29.983,4.641,0
153,4614.260,-8.742000,-2.070000,-359.627600,-378.248117,-378.248117,18.620517,30.054,4.374,0
154,4643.888,-7.858000,-2.710000,-370.412600,-390.081871,-390.081871,19.669271,30.061,3.979,0
155,4674.054,-6.533000,-3.302000,-344.651300,-364.748626,-364.748626,20.097326,30.046,4.113,0
156,4705.553,-5.208000,-3.918000,-334.215100,-355.910851,-355.910851,21.695751,30.809,4.915,0
157,4735.039,-2.999000,-4.558000,-255.392400,-277.143467,-277.143467,21.751067,30.072,4.263,0
158,4765.073,-0.791000,-5.150000,-204.884900,-228.764391,-228.764391,23.879491,29.919,4.394,0
159,4794.879,1.859000,-5.815000,-118.507900,-143.808564,-143.808564,25.300664,29.997,4.214,0
160,4825.884,4.510000,-6.801000,-53.584000,-81.637987,-81.637987,28.053987,29.998,5.210,0
161,4854.999,7.160000,-7.688000,21.994200,-9.133187,-9.133187,31.127387,30.010,4.249,0
162,4885.068,10.252000,-8.230000,148.200200,114.653650,114.653650,33.546550,29.990,4.243,0
163,4915.523,12.902000,-8.624000,235.336800,197.379171,197.379171,37.957629,29.999,4.854,0
164,4944.502,15.553000,-8.772000,354.512100,313.009596,313.009596,41.502504,30.026,3.845,0
165,4974.992,17.320000,-8.747000,419.390400,372.619566,372.619566,46.770834,29.983,4.354,0
166,5004.740,18.645000,-8.575000,495.466400,444.405476,444.405476,51.060924,30.001,4.093,0
167,5035.296,19.086000,-8.033000,538.500100,482.451726,482.451726,56.048374,30.020,4.441,0
168,5064.767,19.528000,-7.540000,615.393100,556.295209,556.295209,59.097891,30.061,3.871,0
169,5095.116,18.203000,-7.047000,561.905900,496.487113,496.487113,65.418787,30.070,4.151,0
170,5125.245,17.320000,-6.554000,608.764500,541.578139,541.578139,67.186361,30.072,4.234,0
171,5155.713,15.111000,-6.160000,533.721000,461.452382,461.452382,72.268618,30.811,3.908,0
172,5186.206,13.344000,-5.667000,542.737300,469.088694,469.088694,73.648606,29.982,4.375,0
173,5215.806,10.252000,-5.125000,432.317800,354.032588,354.032588,78.285212,30.006,3.965,0
174,5245.987,7.160000,-4.583000,367.075500,286.949277,286.949277,80.126223,30.016,4.143,0
175,5276.066,4.068000,-3.893000,299.056200,217.402289,217.402289,81.653911,30.007,4.191,0
176,5305.930,0.534000,-3.154000,191.624800,107.834084,107.834084,83.790716,29.995,4.083,0
177,5336.160,-2.999000,-2.365000,94.694800,10.027886,10.027886,84.666914,30.005,4.311,0
178,5367.280,-6.975000,-1.626000,-45.837300,-132.033971,-132.033971,86.196671,31.011,4.437,0
179,5397.925,-10.950000,-1.109000,-185.639200,-272.239036,-272.239036,86.599836,30.702,4.376,0
180,5426.684,-12.717000,-0.986000,-183.246300,-265.780954,-265.780954,82.534654,28.827,4.207,0
181,5457.634,-11.834000,-1.232000,-87.185500,-164.993726,-164.993726,77.808226,30.580,4.597,0
182,5486.347,-10.067000,-2.070000,-47.572000,-124.366300,-124.366300,76.794300,28.887,4.429,0
183,5516.566,-6.975000,-2.636000,70.506900,-4.777370,-4.777370,75.284270,29.995,4.544,0
184,5547.049,-5.208000,-3.031000,49.390800,-29.760387,-29.760387,79.151187,30.059,4.996,0
185,5576.357,-1.233000,-3.524000,246.391900,170.195801,170.195801,76.196099,30.091,4.184,0
186,5606.782,1.418000,-3.647000,278.864200,198.618893,198.618893,80.245307,30.029,4.453,0
187,5637.100,3.626000,-3.696000,339.247600,256.517062,256.517062,82.730538,30.021,4.916,0
188,5667.232,5.393000,-3.474000,398.759700,313.822344,313.822344,84.937356,30.805,4.292,0
189,5696.837,6.277000,-3.228000,414.549400,326.508113,326.508113,88.041287,29.996,3.924,0
190,5726.910,5.835000,-2.834000,373.933500,282.093137,282.093137,91.840363,29.997,4.010,0
191,5758.214,4.951000,-2.415000,352.746500,259.090805,259.090805,93.655695,30.001,5.356,0
192,5787.123,3.626000,-2.020000,313.347500,217.974089,217.974089,95.373411,29.993,4.254,0
193,5816.835,0.976000,-1.528000,192.885700,94.321406,94.321406,98.564294,29.995,3.993,0
194,5847.293,-2.116000,-1.035000,85.661200,-14.220870,-14.220870,99.882070,30.020,4.466,0
195,5877.253,-4.325000,-0.542000,54.216500,-44.055223,-44.055223,98.271723,30.016,4.362,0
196,5907.137,-3.441000,-0.246000,205.886400,113.653874,113.653874,92.232526,29.990,4.230,0
197,5936.937,-3.441000,-0.222000,161.805700,67.722587,67.722587,94.083113,30.008,4.038,0
198,5967.104,-2.999000,-0.345000,181.966700,88.580126,88.580126,93.386574,29.994,4.151,0
199,5997.265,-2.116000,-0.197000,227.806000,135.269324,135.269324,92.536676,30.013,4.306,0
200,6027.092,-2.116000,-0.197000,186.732300,92.342296,92.342296,94.390004,30.064,4.038,0
201,6057.226,-2.999000,-0.172000,116.466600,20.234871,20.234871,96.231729,30.060,4.094,0
202,6088.208,-3.883000,0.000000,84.032100,-12.172282,-12.172282,96.204382,29.975,5.107,0
203,6117.128,-4.766000,0.000000,43.385100,-52.799481,-52.799481,96.184581,30.052,3.972,0
204,6147.802,-4.766000,-0.074000,64.340700,-30.130577,-30.130577,94.471277,30.844,3.884,0
205,6178.045,-5.208000,-0.148000,17.261900,-78.156194,-78.156194,95.418094,30.024,4.115,0
206,6207.969,-5.208000,-0.296000,17.230300,-77.409206,-77.409206,94.639506,29.989,4.043,0
207,6238.181,-5.208000,-0.419000,0.553400,-94.238541,-94.238541,94.791941,30.001,4.264,0
208,6268.177,-5.208000,-0.591000,-17.832700,-112.868647,-112.868647,95.035947,30.011,4.211,0
209,6298.322,-4.766000,-0.715000,-1.571200,-95.988917,-95.988917,94.417717,29.983,4.332,0
210,6328.762,-4.766000,-0.862000,-35.731400,-131.382113,-131.382113,95.650713,30.035,4.800,0
211,6358.809,-4.325000,-0.986000,-18.541500,-113.749067,-113.749067,95.207567,30.332,4.382,0
212,6389.735,-3.441000,-1.109000,15.066100,-79.682886,-79.682886,94.748986,31.031,4.326,0
213,6418.947,-2.999000,-1.355000,-3.851900,-99.992924,-99.992924,96.141024,28.636,4.920,0
214,6447.940,-1.674000,-1.503000,65.386800,-29.622672,-29.622672,95.009472,30.000,3.865,0
215,6483.341,-0.791000,-1.700000,67.758300,-28.847751,-28.847751,96.606051,30.001,9.223,0
216,6508.079,0.976000,-1.922000,155.175100,59.536999,59.536999,95.638101,29.966,4.083,0
217,6541.700,1.859000,-2.020000,149.948600,51.778677,51.778677,98.169923,30.130,7.434,0
218,6568.685,3.185000,-2.045000,217.327600,119.203027,119.203027,98.124573,30.016,4.525,0
219,6598.461,4.510000,-1.947000,274.076900,175.134488,175.134488,98.942412,30.078,4.225,0
220,6629.339,4.510000,-1.947000,231.863200,129.516990,129.516990,102.346210,30.784,4.321,0
221,6659.024,4.951000,-1.947000,275.798000,173.530791,173.530791,102.267209,29.994,3.898,0
222,6689.222,4.510000,-1.799000,242.385100,137.632255,137.632255,104.752845,30.013,4.219,0
223,6719.350,3.626000,-1.700000,208.095100,101.795089,101.795089,106.300011,30.008,4.346,0
224,6750.359,2.743000,-1.429000,195.239700,88.385382,88.385382,106.854318,30.001,5.343,0
225,6778.919,0.534000,-1.257000,77.584000,-32.441383,-32.441383,110.025383,30.001,3.968,0
226,6809.220,-0.791000,-1.010000,76.100500,-32.533538,-32.533538,108.634038,30.002,4.250,0
227,6838.937,-2.116000,-0.764000,35.711100,-73.226012,-73.226012,108.937112,30.003,3.964,0
228,6870.569,-3.441000,-0.813000,-17.727700,-126.957666,-126.957666,109.229966,30.006,5.607,0
229,6898.882,-4.325000,-0.838000,-39.950000,-148.604089,-148.604089,108.654089,29.998,3.894,0
230,6929.819,-5.208000,-0.862000,-81.989200,-191.027750,-191.027750,109.038550,30.025,4.740,0
231,6959.079,-4.766000,-0.961000,-30.051300,-136.786741,-136.786741,106.735441,30.021,4.091,0
232,6990.171,-4.325000,-1.158000,-33.111600,-140.304836,-140.304836,107.193236,30.058,5.077,0
233,7020.223,-2.999000,-1.429000,28.728000,-77.300770,-77.300770,106.028770,30.066,5.083,0
234,7050.580,-1.674000,-1.602000,61.846800,-44.863636,-44.863636,106.710436,30.840,4.632,0
235,7079.897,0.093000,-1.873000,127.692000,21.123440,21.123440,106.568560,29.995,3.950,0
236,7110.054,1.859000,-2.070000,182.916500,75.520118,75.520118,107.396382,30.022,4.091,0
237,7140.034,3.185000,-2.242000,210.401800,101.205590,101.205590,109.196210,29.980,4.106,0
238,7170.080,4.951000,-2.218000,297.977500,188.740573,188.740573,109.236927,30.000,4.137,0
239,7200.222,5.835000,-2.144000,307.728600,195.900511,195.900511,111.828089,30.006,4.290,0
240,7230.600,6.277000,-2.144000,319.448700,205.845040,205.845040,113.603660,30.006,4.597,0
241,7260.292,6.277000,-1.971000,322.973100,207.731648,207.731648,115.241452,30.004,4.203,0
242,7290.114,5.835000,-1.823000,309.919300,193.044954,193.044954,116.874346,30.047,4.037,0
243,7320.763,4.510000,-1.626000,249.368700,130.100090,130.100090,119.268610,29.948,4.651,0
244,7352.222,2.743000,-1.306000,191.840600,71.182728,71.182728,120.657872,30.019,4.312,0
245,7379.921,0.093000,-0.986000,81.454500,-41.374956,-41.374956,122.829456,30.009,3.789,0
246,7410.590,-1.674000,-0.690000,64.784500,-56.501065,-56.501065,121.285565,30.024,4.430,0
247,7441.353,-3.883000,-0.444000,-26.105400,-148.427526,-148.427526,122.322126,30.061,5.082,0
248,7470.423,-5.650000,-0.444000,-79.876800,-201.507774,-201.507774,121.630974,30.039,4.207,0
249,7502.746,-6.975000,-0.468000,-122.873100,-243.827602,-243.827602,120.954502,30.113,6.135,0
250,7531.997,-7.858000,-0.641000,-158.795200,-279.067556,-279.067556,120.272356,30.781,4.698,0
251,7560.793,-7.858000,-1.060000,-156.534200,-275.487766,-275.487766,118.953566,29.975,3.616,0
252,7592.431,-8.300000,-1.626000,-226.691800,-347.153923,-347.153923,120.462123,30.123,5.198,0
253,7621.320,-7.858000,-2.316000,-218.136400,-337.719761,-337.719761,119.583361,29.867,4.151,0
254,7650.899,-6.975000,-3.006000,-210.678500,-330.577812,-330.577812,119.899312,30.001,3.719,0
255,7681.987,-5.650000,-3.696000,-185.793100,-306.313508,-306.313508,120.520408,30.003,4.902,0
256,7711.748,-4.325000,-4.361000,-174.516700,-296.827034,-296.827034,122.310334,30.009,4.725,0
257,7741.234,-2.999000,-5.224000,-166.548600,-290.930508,-290.930508,124.381908,29.999,4.168,0
258,7770.833,-1.233000,-5.963000,-117.913400,-243.781293,-243.781293,125.867893,30.014,3.749,0
259,7801.090,0.976000,-6.653000,-48.283700,-175.954672,-175.954672,127.670972,29.992,4.045,0
260,7831.963,3.626000,-7.392000,40.165100,-89.572815,-89.572815,129.737915,30.010,4.959,0
261,7860.964,6.277000,-8.131000,117.746500,-15.260579,-15.260579,133.007079,29.989,3.969,0
262,7891.447,9.369000,-8.698000,240.389200,104.713886,104.713886,135.675314,30.000,4.456,0
263,7921.751,12.461000,-9.191000,354.998600,215.613124,215.613124,139.385476,30.157,4.579,0
264,7951.498,15.111000,-9.462000,451.485900,307.442136,307.442136,144.043764,30.042,4.323,0
265,7982.482,17.320000,-9.437000,548.528200,399.791629,399.791629,148.736571,30.817,4.473,0
266,8012.231,18.645000,-9.215000,608.510200,454.319355,454.319355,154.190845,29.993,4.249,0
267,8041.866,19.086000,-8.920000,643.154200,483.596154,483.596154,159.558046,30.004,3.871,0
268,8072.063,18.203000,-8.427000,621.987000,456.415731,456.415731,165.571269,29.997,4.038,0
269,8107.851,18.203000,-8.131000,710.290400,543.208393,543.208393,167.082007,30.003,9.856,0
270,8132.723,15.994000,-7.762000,601.740200,427.184720,427.184720,174.555480,30.041,4.685,0
271,8162.085,14.228000,-7.269000,612.953300,436.379442,436.379442,176.573858,29.958,4.074,0
272,8193.828,10.694000,-6.825000,468.370800,285.525114,285.525114,182.845686,31.387,4.297,0
273,8222.617,7.160000,-6.308000,388.281000,202.994256,202.994256,185.286744,28.639,4.599,0
274,8253.494,3.626000,-5.667000,303.293300,115.772680,115.772680,187.520620,30.246,5.038,0
275,8283.771,0.093000,-4.953000,211.653500,22.127659,22.127659,189.525841,30.743,4.631,0
276,8315.809,-3.883000,-4.312000,75.573800,-116.481401,-116.481401,192.055201,29.033,7.564,0
277,8342.788,-7.417000,-3.795000,-23.618200,-216.267980,-216.267980,192.649780,29.992,4.653,0
278,8372.534,-10.509000,-3.573000,-125.737000,-318.933111,-318.933111,193.196111,30.080,4.394,0
279,8405.459,-12.717000,-3.671000,-197.092600,-389.982759,-389.982759,192.890159,30.081,7.243,0
280,8436.302,-14.042000,-4.016000,-250.770200,-443.467051,-443.467051,192.696851,30.024,8.087,0
281,8464.799,-15.368000,-4.632000,-351.418400,-545.912662,-545.912662,194.494262,30.782,5.805,0
282,8492.879,-16.251000,-5.248000,-421.586700,-617.320944,-617.320944,195.734244,30.029,3.835,0
283,8523.713,-15.368000,-6.086000,-387.525300,-582.183134,-582.183134,194.657834,30.437,4.239,0
284,8553.672,-14.042000,-6.998000,-390.760100,-587.289323,-587.289323,196.529223,29.540,4.660,0
285,8583.132,-11.834000,-7.589000,-331.935000,-529.782089,-529.782089,197.847089,30.003,4.132,0
286,8615.070,-10.067000,-8.402000,-344.094700,-546.169159,-546.169159,202.074459,30.015,6.055,0
287,8647.900,-7.858000,-9.339000,-304.787600,-509.745893,-509.745893,204.958293,29.990,8.875,0
288,8673.259,-5.650000,-9.955000,-266.809100,-475.769107,-475.769107,208.960007,30.018,4.246,0
289,8706.703,-2.558000,-10.644000,-160.853500,-372.322152,-372.322152,211.468652,29.997,7.695,0
290,8733.811,0.534000,-11.310000,-81.616500,-297.603125,-297.603125,215.986625,29.980,4.853,0
291,8764.376,3.626000,-11.926000,6.869900,-213.946548,-213.946548,220.816448,30.019,5.321,0
292,8793.975,6.277000,-12.665000,65.948900,-160.822743,-160.822743,226.771643,30.012,4.920,0
293,8823.475,10.252000,-13.453000,246.606600,17.064624,17.064624,229.541976,30.053,4.377,0
294,8853.945,13.786000,-14.316000,348.973000,112.750225,112.750225,236.222775,30.068,4.790,0
295,8884.413,16.878000,-15.055000,449.128500,206.049890,206.049890,243.078610,30.076,5.209,0
296,8914.324,19.970000,-15.203000,593.810200,344.621094,344.621094,249.189106,30.812,4.310,0
297,8944.255,22.620000,-15.203000,716.403900,460.180581,460.180581,256.223319,29.991,4.129,0
298,8974.553,23.945000,-15.030000,769.872400,505.000061,505.000061,264.872339,30.008,4.483,0
299,9004.687,24.829000,-14.759000,849.541000,577.925596,577.925596,271.615404,29.997,4.640,0
300,9034.217,25.270000,-14.735000,907.613500,629.125134,629.125134,278.488366,30.002,4.171,0
301,9064.060,24.829000,-14.513000,926.096700,640.112733,640.112733,285.983967,29.994,3.998,0
302,9094.550,21.295000,-13.995000,757.554700,459.777542,459.777542,297.777158,30.007,4.491,0
303,9124.592,17.761000,-13.503000,702.200900,399.040933,399.040933,303.159967,30.010,4.525,0
304,9153.768,15.553000,-13.035000,736.131900,430.421974,430.421974,305.709926,30.008,3.681,0
305,9409.690,11.136000,-12.345000,554.399400,239.408412,239.408412,314.990988,30.213,229.334,0
306,9415.512,7.160000,-11.704000,480.620000,161.835168,161.835168,318.784832,230.039,5.187,0
307,9421.502,3.626000,-10.965000,415.644500,93.401404,93.401404,322.243096,5.812,5.341,0
308,9426.947,-0.791000,-10.152000,260.599800,-67.466203,-67.466203,328.066003,5.992,4.829,0
309,9432.747,-4.766000,-9.314000,163.448400,-167.422597,-167.422597,330.870997,5.442,5.192,0
310,9437.714,-8.742000,-8.402000,41.063200,-293.120982,-293.120982,334.184182,5.800,4.327,0
311,9443.564,-12.717000,-7.466000,-90.483900,-427.610134,-427.610134,337.126234,4.968,5.237,0
312,9449.206,-16.251000,-6.530000,-199.132400,-537.965403,-537.965403,338.833003,5.852,5.056,0
313,9467.900,-19.343000,-5.569000,-300.405800,-640.608609,-640.608609,340.202809,5.648,18.041,0
314,9475.327,-21.993000,-4.608000,-394.139100,-735.282431,-735.282431,341.143331,18.696,6.763,0
315,9488.364,-25.085000,-3.721000,-547.459700,-890.922644,-890.922644,343.462944,12.548,7.252,0
316,9520.303,-27.736000,-3.006000,-663.358300,-1007.118845,-1007.118845,343.760545,32.469,6.488,0
317,9546.493,-29.061000,-2.513000,-711.498100,-1053.591677,-1053.591677,342.093577,27.574,5.308,0
318,9578.316,-29.944000,-2.538000,-799.491900,-1141.734684,-1141.734684,342.242784,32.242,4.993,0
319,9606.740,-30.828000,-2.784000,-913.211300,-1256.577123,-1256.577123,343.365823,28.173,5.145,0
320,9635.602,-31.711000,-3.376000,-1039.840400,-1384.520719,-1384.520719,344.680319,29.551,4.510,0
321,9665.723,-31.711000,-3.967000,-1101.921600,-1446.418168,-1446.418168,344.496568,30.010,4.588,0
322,9697.576,-31.269000,-4.682000,-1170.560300,-1516.030677,-1516.030677,345.470377,29.996,6.466,0
323,9728.386,-30.828000,-5.322000,-1253.065500,-1600.628929,-1600.628929,347.563429,30.019,7.244,0
324,9755.017,-30.386000,-5.988000,-1335.503300,-1685.528930,-1685.528930,350.025630,29.975,3.892,0
325,9785.643,-29.503000,-6.727000,-1386.426500,-1738.208071,-1738.208071,351.781571,30.024,4.367,0
326,9815.525,-28.177000,-7.367000,-1416.356700,-1770.230551,-1770.230551,353.873851,30.349,4.079,0
327,9845.209,-26.852000,-8.156000,-1466.059300,-1823.182531,-1823.182531,357.123231,29.795,3.944,0
328,9876.277,-25.527000,-9.166000,-1519.356400,-1880.146425,-1880.146425,360.790025,30.070,4.920,0
329,9906.394,-23.318000,-9.856000,-1492.329000,-1855.363264,-1855.363264,363.034264,30.766,4.258,0
330,9936.819,-20.668000,-10.521000,-1462.486100,-1828.778849,-1828.778849,366.292749,30.004,4.635,0
331,9966.363,-17.576000,-11.137000,-1409.248800,-1779.179576,-1779.179576,369.930776,29.991,4.248,0
332,9996.240,-14.042000,-11.827000,-1335.690500,-1709.521219,-1709.521219,373.830719,30.005,4.153,0
333,10026.311,-10.509000,-12.591000,-1273.348100,-1652.243994,-1652.243994,378.895894,30.018,4.212,0
334,10056.148,-6.975000,-13.429000,-1204.362500,-1588.656303,-1588.656303,384.293803,29.996,4.087,0
335,10086.379,-3.883000,-14.365000,-1162.616500,-1553.522828,-1553.522828,390.906328,29.993,4.302,0
336,10116.203,-0.349000,-15.326000,-1063.158600,-1459.395129,-1459.395129,396.236529,29.999,4.138,0
337,10146.199,3.185000,-16.312000,-973.394300,-1376.119311,-1376.119311,402.725011,30.006,4.113,0
338,10176.211,6.718000,-17.420000,-878.931300,-1288.671279,-1288.671279,409.739979,30.001,4.140,0
339,10206.267,10.252000,-18.505000,-774.504800,-1191.729936,-1191.729936,417.225136,29.999,4.214,0
340,10235.939,12.902000,-19.539000,-725.630700,-1152.391981,-1152.391981,426.761281,30.018,3.827,0
341,10266.175,15.994000,-20.574000,-602.132100,-1036.284947,-1036.284947,434.152847,30.078,3.972,0
342,10296.538,18.645000,-21.634000,-522.366000,-966.030152,-966.030152,443.664152,30.064,4.273,0
343,10327.469,20.853000,-22.693000,-451.333800,-905.008762,-905.008762,453.674962,30.083,5.094,0
344,10357.307,23.504000,-23.679000,-321.750700,-783.994422,-783.994422,462.243722,30.799,4.174,0
345,10387.229,25.270000,-24.541000,-265.405800,-739.279115,-739.279115,473.873315,30.000,4.100,0
346,10417.364,26.154000,-25.379000,-234.618700,-720.422319,-720.422319,485.803619,30.006,4.236,0
347,10446.829,27.037000,-26.463000,-174.714500,-671.064874,-671.064874,496.350374,30.004,3.702,0
348,10477.617,26.154000,-27.129000,-229.664400,-740.433962,-740.433962,510.769562,30.017,4.419,0
349,10507.290,24.387000,-27.523000,-274.357200,-797.855653,-797.855653,523.498453,29.991,4.083,0
350,10537.440,22.620000,-28.656000,-313.423800,-848.334055,-848.334055,534.910255,30.041,4.176,0
351,10569.201,23.062000,-29.691000,-186.989900,-729.385708,-729.385708,542.395808,29.942,4.229,0
352,10597.871,22.178000,-30.209000,-229.882800,-786.956081,-786.956081,557.073281,29.999,4.616,0
353,10627.387,22.178000,-31.243000,-174.770100,-742.583186,-742.583186,567.813086,30.054,4.154,0
354,10657.647,22.620000,-32.204000,-118.227500,-698.039391,-698.039391,579.811891,29.975,4.378,0
355,10687.149,23.504000,-32.796000,-33.432100,-625.462939,-625.462939,592.030839,29.981,4.006,0
356,10717.163,23.062000,-33.658000,-72.996900,-681.161307,-681.161307,608.164407,30.015,3.795,0
357,10747.868,22.620000,-34.151000,-47.689000,-669.511070,-669.511070,621.822070,30.063,4.514,0
358,10778.039,22.178000,-34.644000,-24.642400,-660.258007,-660.258007,635.615607,30.069,4.179,0
359,10808.554,20.853000,-35.580000,-83.196900,-734.829924,-734.829924,651.633024,30.842,4.148,0
360,10838.271,20.853000,-36.516000,-9.796000,-673.353352,-673.353352,663.557352,29.997,4.043,0
361,10869.446,19.528000,-36.886000,-69.466600,-750.431866,-750.431866,680.965266,30.001,5.194,0
362,10898.679,18.645000,-37.724000,-63.746500,-758.882010,-758.882010,695.135510,30.004,4.341,0
363,10928.609,19.528000,-38.512000,56.628300,-650.361957,-650.361957,706.990257,30.000,4.376,0
364,10958.498,17.761000,-39.079000,-81.768100,-809.671558,-809.671558,727.903458,30.008,4.281,0
365,10987.997,17.320000,-39.744000,-23.758500,-764.949691,-764.949691,741.191191,30.001,3.836,0
366,11018.501,16.878000,-40.557000,-24.637200,-782.002507,-782.002507,757.365307,29.997,4.345,0
367,11048.351,16.878000,-41.370000,6.710800,-766.297139,-766.297139,773.007939,30.001,4.185,0
368,11078.777,17.320000,-42.159000,54.020900,-734.973217,-734.973217,788.994117,30.005,4.523,0
369,11108.163,17.761000,-42.997000,82.908700,-723.295317,-723.295317,806.204017,30.021,3.966,0
370,11138.648,15.553000,-43.613000,-77.000100,-905.923804,-905.923804,828.923704,30.000,4.450,0
371,11168.527,18.203000,-44.229000,224.724500,-612.202672,-612.202672,836.927172,29.985,4.181,0
372,11198.790,17.761000,-44.746000,111.615400,-749.341568,-749.341568,860.956968,30.067,4.371,0
373,11228.537,17.320000,-45.559000,111.009500,-768.183318,-768.183318,879.192818,30.060,4.093,0
374,11258.686,17.320000,-46.249000,146.993600,-749.832414,-749.832414,896.826014,30.067,4.130,0
375,11289.502,18.203000,-46.914000,231.510700,-682.259465,-682.259465,913.770165,30.818,4.132,0
376,11319.640,17.761000,-47.826000,175.885600,-759.683641,-759.683641,935.569241,29.995,4.280,0
377,11350.112,17.761000,-48.516000,213.082500,-741.000948,-741.000948,954.083448,30.010,4.559,0
378,11379.697,18.645000,-49.107000,300.999300,-670.967345,-670.967345,971.966645,30.052,4.317,0
379,11409.383,19.086000,-49.723000,321.579000,-671.203974,-671.203974,992.782974,30.019,4.054,0
380,11439.133,19.970000,-50.339000,393.998100,-617.998999,-617.998999,1011.997099,29.917,3.926,0
381,11469.555,20.412000,-51.103000,413.017800,-620.260617,-620.260617,1033.278417,30.053,4.246,0
382,11499.307,20.412000,-51.670000,424.781800,-630.090099,-630.090099,1054.871899,30.004,3.983,0
383,11529.664,20.853000,-52.311000,483.983200,-590.930928,-590.930928,1074.914128,30.024,4.299,0
384,11559.555,20.853000,-53.148000,487.462900,-609.594079,-609.594079,1097.056979,29.936,4.335,0
385,11589.268,20.853000,-53.715000,518.023900,-600.535248,-600.535248,1118.559148,30.094,3.897,0
386,11618.957,19.970000,-54.331000,480.312800,-661.692378,-661.692378,1142.005178,29.922,3.704,0
387,11649.259,19.528000,-55.070000,504.582800,-658.554221,-658.554221,1163.137021,29.991,4.003,0
388,11679.192,19.528000,-55.760000,544.953800,-639.624953,-639.624953,1184.578753,30.027,3.923,0
389,11710.612,19.528000,-56.228000,574.777000,-632.254828,-632.254828,1207.031828,30.108,5.188,0
390,11741.615,19.528000,-56.820000,599.783000,-629.999873,-629.999873,1229.782873,30.028,6.095,0
391,11770.142,19.970000,-57.411000,658.063900,-593.749373,-593.749373,1251.813273,30.824,3.901,0
392,11801.168,20.412000,-58.150000,694.808900,-580.267630,-580.267630,1275.076530,30.014,4.872,0
393,11830.295,20.853000,-58.742000,737.820200,-560.766566,-560.766566,1298.586766,29.997,4.055,0
394,11860.406,21.737000,-59.382000,812.888500,-508.576076,-508.576076,1321.464576,30.007,4.160,0
395,11890.874,23.062000,-60.245000,898.000000,-446.718326,-446.718326,1344.718326,30.000,4.604,0
396,11920.112,23.945000,-60.836000,945.440900,-424.481317,-424.481317,1369.922217,30.014,3.901,0
397,11950.417,24.829000,-61.477000,1010.313700,-384.181692,-384.181692,1394.495392,29.985,4.144,0
398,11980.357,25.270000,-62.290000,1038.745700,-381.570860,-381.570860,1420.316560,29.998,4.065,0
399,12010.562,26.596000,-62.955000,1157.266200,-286.442168,-286.442168,1443.708368,30.007,4.255,0
400,12041.020,27.037000,-63.497000,1181.330000,-289.515203,-289.515203,1470.845203,30.008,4.677,0
401,12071.075,27.921000,-64.187000,1269.577800,-226.097663,-226.097663,1495.675463,30.018,4.739,0
402,12100.605,27.921000,-64.877000,1276.832600,-246.565978,-246.565978,1523.398578,29.984,4.216,0
403,12130.222,27.921000,-65.542000,1320.205900,-229.386099,-229.386099,1549.591999,29.998,3.900,0
404,12160.308,28.363000,-66.257000,1394.711700,-180.485658,-180.485658,1575.197358,30.063,3.936,0
405,12191.049,27.921000,-66.971000,1386.896100,-216.842167,-216.842167,1603.738267,30.070,4.617,0
406,12220.549,27.921000,-67.735000,1444.535100,-185.419041,-185.419041,1629.954141,30.052,3.954,0
407,12251.352,28.363000,-68.524000,1516.669200,-139.810502,-139.810502,1656.479702,30.834,3.922,0
408,12282.348,28.804000,-69.288000,1572.977400,-111.200277,-111.200277,1684.177677,29.991,5.007,0
409,12311.695,29.246000,-69.879000,1636.077500,-76.067711,-76.067711,1712.145211,30.023,4.290,0
410,12341.181,30.129000,-70.667000,1725.998300,-13.522234,-13.522234,1739.520534,29.976,3.870,0
411,12371.428,31.013000,-71.086000,1813.287200,45.363215,45.363215,1767.923985,30.025,4.019,0
412,12402.859,31.896000,-71.776000,1892.552600,95.892632,95.892632,1796.659968,30.011,5.410,0
413,12431.915,32.780000,-72.368000,1978.127800,152.537985,152.537985,1825.589815,29.987,4.460,0
414,12461.950,33.221000,-72.786000,2038.275700,182.659756,182.659756,1855.615944,30.013,4.691,0
415,12491.903,33.663000,-73.279000,2114.274300,229.361046,229.361046,1884.913254,30.009,4.538,0
416,12521.381,34.547000,-73.846000,2221.993200,308.419638,308.419638,1913.573562,29.960,4.087,0
417,12551.214,34.105000,-74.289000,2219.724800,273.744774,273.744774,1945.980026,30.008,3.928,0
418,12581.646,33.221000,-74.363000,2248.260000,271.705346,271.705346,1976.554654,29.991,4.375,0
419,12611.218,32.780000,-74.363000,2326.603700,321.196170,321.196170,2005.407530,30.024,3.941,0
420,12641.296,31.896000,-74.314000,2354.521300,318.484384,318.484384,2036.036916,30.084,3.884,0
421,12671.597,31.455000,-74.068000,2437.331000,372.542237,372.542237,2064.788763,30.037,4.122,0
422,12701.944,31.013000,-73.673000,2505.609200,411.365022,411.365022,2094.244178,30.081,4.403,0
423,12732.394,30.129000,-73.156000,2543.524100,419.140394,419.140394,2124.383706,30.801,4.031,0
424,12762.220,30.129000,-72.811000,2656.759500,505.013310,505.013310,2151.746190,30.001,3.873,0
425,12794.115,28.804000,-72.392000,2638.922300,455.609079,455.609079,2183.313221,29.999,5.775,0
426,12822.632,27.037000,-71.850000,2641.734800,428.769746,428.769746,2212.965054,29.999,4.280,0
427,12852.382,25.712000,-71.308000,2690.424000,449.844783,449.844783,2240.579217,30.007,4.032,0
428,12882.285,23.504000,-70.717000,2654.013300,383.401471,383.401471,2270.611830,30.003,3.898,0
429,12912.479,21.295000,-70.125000,2647.273300,348.632920,348.632920,2298.640380,29.997,4.145,0
430,12942.742,18.203000,-69.509000,2570.117900,241.946010,241.946010,2328.171890,30.010,4.398,0
431,12972.470,15.111000,-68.893000,2520.542100,164.796100,164.796100,2355.746000,30.008,4.103,0
432,13002.581,12.461000,-68.277000,2496.226900,114.091698,114.091698,2382.135202,29.994,4.225,0
433,13032.933,11.577000,-67.686000,2578.407800,172.692924,172.692924,2405.714876,29.998,4.571,0
434,13062.870,6.718000,-67.095000,2291.735300,-148.694712,-148.694712,2440.430012,30.009,4.493,0
435,13092.338,4.510000,-66.552000,2347.885100,-113.830228,-113.830228,2461.715328,29.998,3.983,0
436,13122.589,2.743000,-66.010000,2325.494600,-161.745272,-161.745272,2487.239872,30.015,4.189,0
437,13152.703,1.418000,-65.493000,2313.205300,-199.362663,-199.362663,2512.567963,30.063,4.224,0
438,13182.905,0.093000,-65.025000,2278.428300,-260.090311,-260.090311,2538.518611,30.079,4.373,0
439,13213.561,-1.233000,-64.532000,2241.285600,-323.043255,-323.043255,2564.328855,30.860,3.983,0
440,13245.090,-2.999000,-64.113000,2165.612800,-425.237986,-425.237986,2590.850786,30.021,5.580,0
441,13274.847,-4.766000,-63.842000,2098.415600,-517.955879,-517.955879,2616.371479,29.956,5.369,0
442,13304.804,-6.533000,-63.596000,2026.484500,-615.321082,-615.321082,2641.805582,30.025,4.596,0
443,13335.159,-6.975000,-63.374000,2048.153600,-616.375009,-616.375009,2664.528609,30.010,5.729,0
444,13365.127,-6.975000,-63.891000,2024.280000,-664.865045,-664.865045,2689.145045,29.995,5.640,0
445,13394.361,-6.091000,-64.236000,2056.442900,-656.636923,-656.636923,2713.079823,30.030,4.811,0
446,13424.362,-4.325000,-64.557000,2121.408700,-615.796728,-615.796728,2737.205428,29.987,4.862,0
447,13453.419,-1.674000,-64.951000,2218.921600,-542.516647,-542.516647,2761.438247,29.969,3.998,0
448,13485.084,1.418000,-65.468000,2316.624800,-470.090704,-470.090704,2786.715504,30.007,5.742,0
449,13513.343,4.068000,-66.035000,2370.151300,-443.933221,-443.933221,2814.084521,29.987,4.011,0
450,13545.902,7.160000,-66.700000,2477.761300,-362.098954,-362.098954,2839.860254,30.007,6.543,0
451,13574.276,9.810000,-67.267000,2545.963600,-321.728309,-321.728309,2867.691909,29.998,4.907,0
452,13603.314,12.461000,-68.006000,2632.501500,-262.389939,-262.389939,2894.891439,30.072,3.822,0
453,13634.351,13.344000,-68.943000,2587.799200,-338.213210,-338.213210,2926.012410,30.088,4.797,0
454,13664.272,14.228000,-69.485000,2629.673700,-324.138585,-324.138585,2953.812285,30.047,4.662,0
455,13694.942,14.228000,-70.027000,2606.621000,-376.951827,-376.951827,2983.572827,30.821,4.521,0
456,13726.873,14.669000,-70.569000,2651.728600,-359.212174,-359.212174,3010.940774,29.982,6.447,0
457,13754.502,14.669000,-71.357000,2639.247400,-401.125428,-401.125428,3040.372828,30.005,4.131,0
458,13785.263,14.669000,-71.998000,2649.931100,-419.231524,-419.231524,3069.162624,30.002,4.936,0
459,13815.175,14.228000,-72.639000,2627.255200,-471.824225,-471.824225,3099.079425,30.023,4.863,0
460,13845.263,14.669000,-73.255000,2687.589200,-438.990529,-438.990529,3126.579729,29.992,4.928,0
461,13877.071,15.111000,-74.068000,2707.162900,-449.048995,-449.048995,3156.211895,29.995,6.734,0
462,13904.854,15.111000,-74.881000,2695.382300,-491.685274,-491.685274,3187.067574,30.008,4.519,0
463,13934.421,15.553000,-75.497000,2740.650100,-475.714902,-475.714902,3216.365002,30.016,4.100,0
464,13964.927,15.553000,-76.113000,2735.761300,-511.926786,-511.926786,3247.688086,29.982,4.560,0
465,13995.408,15.111000,-76.975000,2707.419300,-571.922630,-571.922630,3279.341930,30.005,5.066,0
466,14024.391,15.553000,-77.542000,2771.926600,-536.688436,-536.688436,3308.615036,29.996,4.036,0
467,14054.673,14.669000,-78.133000,2701.655800,-640.820478,-640.820478,3342.476278,30.060,4.294,0
468,14086.751,13.786000,-78.848000,2678.198000,-695.825524,-695.825524,3374.023524,30.064,6.251,0
469,14115.138,13.786000,-79.464000,2721.853600,-682.180187,-682.180187,3404.033787,30.054,4.618,0
470,14146.363,12.461000,-80.080000,2631.118100,-807.581706,-807.581706,3438.699806,30.089,5.706,0
471,14175.644,10.694000,-80.794000,2553.835700,-918.060483,-918.060483,3471.896183,30.734,4.284,0
472,14206.624,8.927000,-81.386000,2494.076600,-1010.290207,-1010.290207,3504.366807,30.035,5.218,0
473,14235.610,7.160000,-82.100000,2425.436600,-1111.778264,-1111.778264,3537.214864,29.989,4.175,0
474,14265.583,5.393000,-82.889000,2350.191200,-1220.147944,-1220.147944,3570.339144,30.008,4.132,0
475,14296.712,3.626000,-83.382000,2280.472000,-1323.204562,-1323.204562,3603.676562,30.013,5.254,0
476,14325.120,1.859000,-83.973000,2202.154200,-1435.064903,-1435.064903,3637.219103,29.961,3.763,0
477,14356.088,0.976000,-84.811000,2177.336100,-1491.996415,-1491.996415,3669.332515,30.032,4.689,0
478,14385.797,0.093000,-85.451000,2122.161500,-1581.360708,-1581.360708,3703.522208,29.976,4.419,0
479,14415.848,-0.349000,-86.117000,2096.115300,-1640.947027,-1640.947027,3737.062327,29.997,4.453,0
480,14445.027,-0.349000,-86.659000,2088.368900,-1682.513873,-1682.513873,3770.882773,30.005,3.661,0
481,14475.860,-1.233000,-87.349000,1991.759500,-1815.811274,-1815.811274,3807.570774,30.023,4.508,0
482,14505.277,0.093000,-88.063000,2092.525700,-1745.839601,-1745.839601,3838.365301,29.981,3.830,0
483,14535.917,0.093000,-88.753000,2010.214900,-1866.324098,-1866.324098,3876.538998,29.997,4.469,0
484,14566.657,1.859000,-89.394000,2113.992000,-1794.787344,-1794.787344,3908.779344,30.044,4.682,0
485,14598.376,5.393000,-90.034000,2283.082100,-1658.183730,-1658.183730,3941.265830,30.059,6.781,0
486,14625.909,8.043000,-90.576000,2327.606000,-1651.649051,-1651.649051,3979.255051,30.093,4.393,0
487,14657.756,11.136000,-91.143000,2445.942700,-1568.929170,-1568.929170,4014.871870,30.827,5.314,0
488,14686.614,14.669000,-91.907000,2580.569500,-1470.214717,-1470.214717,4050.784217,29.998,4.224,0
489,14716.357,17.320000,-92.498000,2646.960700,-1442.590492,-1442.590492,4089.551192,30.000,3.966,0
490,14746.241,20.412000,-93.287000,2780.982000,-1345.070408,-1345.070408,4126.052408,30.027,3.905,0
491,14776.568,23.062000,-94.199000,2868.608100,-1295.995843,-1295.995843,4164.603943,29.977,4.233,0
492,14807.263,25.270000,-94.888000,2955.269300,-1248.195226,-1248.195226,4203.464526,30.025,4.882,0
493,14836.805,27.479000,-95.578000,3064.434000,-1177.263741,-1177.263741,4241.697741,29.985,4.357,0
494,14866.334,28.363000,-96.342000,3077.853300,-1205.039543,-1205.039543,4282.892843,30.003,3.883,0
495,14896.828,28.804000,-96.884000,3120.972900,-1201.585429,-1201.585429,4322.558329,30.021,4.438,0
496,14926.583,28.804000,-97.476000,3147.685300,-1214.712465,-1214.712465,4362.397765,29.998,4.216,0
497,14956.920,29.246000,-98.215000,3220.191800,-1180.612335,-1180.612335,4400.804135,29.989,4.511,0
498,14986.100,29.246000,-98.880000,3246.010800,-1195.223297,-1195.223297,4441.234097,30.019,3.695,0
499,15016.831,27.921000,-99.816000,3181.538700,-1302.212447,-1302.212447,4483.751147,30.057,4.359,0
500,15046.336,30.129000,-100.432000,3441.274000,-1075.662800,-1075.662800,4516.936800,30.160,3.642,0
501,15078.189,31.455000,-101.221000,3492.752400,-1066.393754,-1066.393754,4559.146154,30.793,4.709,0
502,15107.639,32.780000,-102.034000,3582.397000,-1017.595196,-1017.595196,4599.992196,30.372,3.800,0
503,15138.422,34.547000,-102.625000,3715.662000,-924.478733,-924.478733,4640.140733,29.613,5.005,0
504,15168.657,37.197000,-103.291000,3898.240400,-781.498442,-781.498442,4679.738842,30.008,5.213,0
505,15197.888,39.405000,-103.907000,4021.008200,-701.192144,-701.192144,4722.200344,30.008,4.415,0
506,15227.785,41.172000,-104.744000,4126.594800,-638.374630,0.000000,4764.969430,30.020,4.229,1
507,15257.672,42.939000,-105.385000,4261.305800,-545.823513,0.000000,4807.129313,29.991,4.174,1
508,15288.535,44.264000,-106.149000,4362.781900,-487.722227,0.000000,4850.504127,30.014,5.060,1
509,15318.749,45.590000,-106.863000,4487.272600,-405.974873,0.000000,4893.247473,29.979,5.298,1
510,15348.135,45.590000,-107.726000,4511.098000,-427.880615,0.000000,4938.978615,30.366,4.327,1
511,15378.052,45.148000,-108.342000,4563.570800,-419.636981,0.000000,4983.207781,29.607,4.585,1
512,15407.837,44.264000,-109.032000,4596.437600,-431.220401,0.000000,5027.658001,30.023,4.361,1
513,15438.203,43.381000,-109.672000,4646.656900,-424.878197,0.000000,5071.535097,30.038,4.692,1
514,15469.121,41.614000,-110.362000,4626.901700,-490.496289,0.000000,5117.397989,30.061,5.589,1
515,15498.023,39.847000,-111.052000,4638.170000,-523.649837,-523.649837,5161.819837,30.073,4.409,0
516,15528.966,37.639000,-111.028000,4635.730700,-571.357509,-571.357509,5207.088209,30.846,4.524,0
517,15558.474,34.988000,-111.028000,4609.473900,-642.890353,-642.890353,5252.364253,29.978,4.033,0
518,15588.139,31.896000,-110.954000,4563.976500,-733.595603,-733.595603,5297.572103,30.025,3.691,0
519,15618.852,28.804000,-110.880000,4528.174500,-813.720578,-813.720578,5341.895078,29.984,4.433,0
520,15648.639,25.270000,-110.855000,4450.099000,-937.002708,-937.002708,5387.101708,30.017,4.206,0
521,15679.384,22.620000,-110.855000,4446.048500,-983.571079,-983.571079,5429.619579,29.987,4.921,0
522,15708.509,19.528000,-110.806000,4368.780900,-1106.007234,-1106.007234,5474.788134,30.001,4.001,0
523,15739.127,16.436000,-110.707000,4302.976200,-1216.136376,-1216.136376,5519.112576,30.020,4.683,0
524,15769.283,14.669000,-110.707000,4324.737000,-1235.950312,-1235.950312,5560.687312,29.983,4.494,0
525,15798.357,12.902000,-111.200000,4273.059000,-1332.062643,-1332.062643,5605.121643,30.013,3.788,0
526,15828.427,11.577000,-111.791000,4248.078400,-1400.829213,-1400.829213,5648.907613,29.990,3.878,0
527,15858.873,11.136000,-112.481000,4264.921300,-1427.251952,-1427.251952,5692.173252,30.011,4.429,0
528,15889.773,10.694000,-113.147000,4246.249600,-1491.174754,-1491.174754,5737.424354,30.024,5.282,0
529,15918.294,11.136000,-114.058000,4284.122800,-1497.168860,-1497.168860,5781.291660,30.070,3.744,0
530,15949.160,10.694000,-114.600000,4234.740800,-1594.118670,-1594.118670,5828.859470,30.085,4.497,0
531,15978.458,11.577000,-115.241000,4313.888200,-1558.440845,-1558.440845,5872.329045,30.032,3.769,0
532,16009.589,12.019000,-116.103000,4302.306400,-1617.308394,-1617.308394,5919.614794,30.781,4.145,0
533,16039.456,12.019000,-116.572000,4290.125700,-1677.065602,-1677.065602,5967.191302,30.027,3.937,0
534,16069.970,12.902000,-117.335000,4350.451200,-1661.857438,-1661.857438,6012.308638,30.024,4.418,0
535,16100.419,12.461000,-117.976000,4283.870100,-1778.273988,-1778.273988,6062.144088,29.974,4.866,0
536,16129.934,12.019000,-118.715000,4265.398100,-1844.194089,-1844.194089,6109.592189,30.027,4.388,0
537,16161.290,12.461000,-119.454000,4311.939200,-1843.700021,-1843.700021,6155.639221,29.962,5.824,0
538,16189.931,12.019000,-120.268000,4255.810900,-1949.678550,-1949.678550,6205.489450,30.099,4.372,0
539,16220.472,12.019000,-121.007000,4269.492700,-1983.508262,-1983.508262,6253.000962,29.898,5.011,0
540,16249.943,11.136000,-121.623000,4203.483400,-2099.940923,-2099.940923,6303.424323,29.998,4.446,0
541,16279.861,11.136000,-122.510000,4226.969400,-2123.672773,-2123.672773,6350.642173,30.002,4.394,0
542,16310.197,11.136000,-122.978000,4229.728600,-2170.068748,-2170.068748,6399.797348,30.002,4.740,0
543,16339.646,11.577000,-123.545000,4260.761600,-2187.583073,-2187.583073,6448.344673,29.996,4.195,0
544,16370.341,12.019000,-124.185000,4273.155600,-2224.889515,-2224.889515,6498.045115,30.096,4.807,0
545,16399.437,13.344000,-124.875000,4350.898100,-2195.325216,-2195.325216,6546.223316,30.034,3.835,0
546,16429.877,14.669000,-125.541000,4397.508500,-2198.923852,-2198.923852,6596.432352,30.078,4.226,0
547,16460.712,15.994000,-126.304000,4444.082100,-2202.894276,-2202.894276,6646.976376,30.809,4.241,0
548,16490.724,17.320000,-127.265000,4487.703600,-2210.154350,-2210.154350,6697.857950,30.003,4.224,0
549,16520.894,18.645000,-127.906000,4545.615500,-2203.394107,-2203.394107,6749.009607,30.004,4.409,0
550,16550.445,19.970000,-128.596000,4604.233900,-2196.275602,-2196.275602,6800.509502,30.022,3.946,0
551,16580.563,21.295000,-129.310000,4665.448400,-2186.784320,-2186.784320,6852.232720,30.004,4.047,0
552,16610.632,22.178000,-130.148000,4692.942600,-2212.214545,-2212.214545,6905.157145,29.983,4.152,0
553,16640.587,23.062000,-130.887000,4743.963900,-2213.513796,-2213.513796,6957.477696,30.018,4.119,0
554,16670.553,23.504000,-131.676000,4762.200300,-2248.863473,-2248.863473,7011.063773,30.007,4.060,0
555,16701.164,25.270000,-132.193000,4906.934000,-2154.374260,-2154.374260,7061.308260,30.001,4.664,0
556,16730.441,23.062000,-132.834000,4702.087600,-2420.297174,-2420.297174,7122.384774,30.022,3.894,0
557,16760.705,23.062000,-133.524000,4813.863200,-2357.470827,-2357.470827,7171.334027,29.959,4.231,0
558,16790.604,23.062000,-134.214000,4837.396800,-2387.628492,-2387.628492,7225.025292,30.006,4.090,0
559,16820.831,23.062000,-134.707000,4867.382100,-2411.533629,-2411.533629,7278.915729,30.028,4.275,0
560,16851.165,23.504000,-135.273000,4927.239800,-2404.923114,-2404.923114,7332.162914,30.034,4.565,0
561,16881.410,23.062000,-135.741000,4908.070700,-2480.081847,-2480.081847,7388.152547,30.102,4.725,0
562,16911.183,23.062000,-136.185000,4956.539200,-2485.267009,-2485.267009,7441.806209,30.069,4.406,0
563,16941.435,22.620000,-136.628000,4954.315400,-2542.959983,-2542.959983,7497.275383,30.808,3.840,0
564,16971.911,23.062000,-137.269000,5027.923500,-2522.520919,-2522.520919,7550.444419,29.993,4.311,0
565,17002.306,22.178000,-137.836000,4971.468900,-2636.745364,-2636.745364,7608.214264,29.955,4.783,0
566,17031.323,22.620000,-138.378000,5065.180100,-2595.692548,-2595.692548,7660.872648,30.034,3.753,0
567,17061.526,22.620000,-138.797000,5077.969400,-2639.319606,-2639.319606,7717.289006,29.984,4.031,0
568,17091.634,22.620000,-139.216000,5108.027800,-2664.943701,-2664.943701,7772.971501,29.998,4.113,0
569,17122.744,22.620000,-139.585000,5139.699300,-2689.110842,-2689.110842,7828.810142,29.995,5.212,0
570,17151.487,22.620000,-139.980000,5170.323300,-2714.474648,-2714.474648,7884.797948,30.003,3.985,0
571,17181.509,23.062000,-140.374000,5233.947900,-2706.130262,-2706.130262,7940.078162,30.003,3.970,0
572,17211.549,23.062000,-140.768000,5248.026100,-2749.239100,-2749.239100,7997.265200,30.007,4.060,0
573,17241.457,23.062000,-141.483000,5269.119800,-2784.740657,-2784.740657,8053.860457,30.010,3.914,0
574,17271.810,23.062000,-141.877000,5301.730100,-2808.875030,-2808.875030,8110.605130,30.011,4.291,0
575,17301.441,23.062000,-142.246000,5334.165500,-2833.313452,-2833.313452,8167.478952,30.024,3.898,0
576,17331.727,22.620000,-142.764000,5328.628100,-2896.809174,-2896.809174,8225.437274,30.076,4.114,0
577,17361.329,22.178000,-143.306000,5339.266500,-2943.520697,-2943.520697,8282.787197,30.066,3.658,0
578,17392.693,22.178000,-143.774000,5384.196100,-2955.210090,-2955.210090,8339.406190,30.823,4.198,0
579,17422.665,22.178000,-144.267000,5410.349400,-2986.710899,-2986.710899,8397.060299,29.998,4.157,0
580,17452.775,22.178000,-144.957000,5430.007700,-3025.078922,-3025.078922,8455.086622,30.005,4.277,0
581,17482.558,21.737000,-145.573000,5419.782900,-3094.423566,-3094.423566,8514.206466,29.998,4.044,0
582,17512.252,22.178000,-146.263000,5489.071600,-3081.817799,-3081.817799,8570.889399,30.004,3.738,0
583,17542.411,22.178000,-147.002000,5489.859400,-3140.755268,-3140.755268,8630.614668,30.001,3.903,0
584,17572.372,22.178000,-147.445000,5518.157900,-3171.388100,-3171.388100,8689.546000,29.997,3.846,0
585,17602.353,22.178000,-147.938000,5543.869100,-3204.865884,-3204.865884,8748.734984,30.004,3.829,0
586,17632.805,22.178000,-148.480000,5568.059100,-3240.048867,-3240.048867,8808.107967,30.002,4.283,0
587,17663.326,22.178000,-148.801000,5599.657000,-3268.003441,-3268.003441,8867.660441,30.181,4.619,0
588,17692.920,22.178000,-149.072000,5632.214800,-3295.009461,-3295.009461,8927.224261,29.839,4.295,0
589,17722.670,21.737000,-149.712000,5619.527100,-3368.512208,-3368.512208,8988.039308,30.012,4.081,0
590,17752.251,21.737000,-150.082000,5666.211400,-3380.937496,-3380.937496,9047.148896,30.007,3.642,0
591,17782.907,21.737000,-150.821000,5682.194800,-3425.308195,-3425.308195,9107.502995,30.071,4.213,0
592,17812.685,21.737000,-151.215000,5710.630800,-3457.357387,-3457.357387,9167.988187,30.009,4.030,0
593,17842.967,21.737000,-151.683000,5735.543000,-3493.110916,-3493.110916,9228.653916,30.116,4.161,0
594,17874.023,20.853000,-152.152000,5694.739300,-3596.503633,-3596.503633,9291.242933,30.861,4.308,0
595,17903.502,21.295000,-152.620000,5785.861800,-3563.775139,-3563.775139,9349.636939,29.921,3.928,0
596,17934.024,21.295000,-153.113000,5791.243000,-3620.516444,-3620.516444,9411.759444,30.005,4.472,0
597,17963.807,20.853000,-153.605000,5781.434000,-3692.656796,-3692.656796,9474.090796,29.999,4.228,0
598,17993.503,20.853000,-154.172000,5818.594300,-3716.227472,-3716.227472,9534.821772,30.013,3.922,0
599,18023.851,20.412000,-154.837000,5802.144600,-3795.534476,-3795.534476,9597.679076,30.018,4.273,0
600,18054.488,20.412000,-155.232000,5844.251400,-3814.620706,-3814.620706,9658.872106,29.997,4.923,0
601,18084.284,19.970000,-155.651000,5834.145300,-3887.858713,-3887.858713,9722.004013,29.979,4.575,0
602,18114.125,19.528000,-156.020000,5842.299300,-3942.118849,-3942.118849,9784.418149,30.012,4.395,0
603,18144.378,19.528000,-156.291000,5885.334200,-3960.723071,-3960.723071,9846.057271,29.994,4.663,0
604,18173.924,19.970000,-156.661000,5940.020100,-3967.799729,-3967.799729,9907.819829,30.015,4.216,0
605,18204.410,19.528000,-156.956000,5915.015500,-4057.350795,-4057.350795,9972.366295,29.996,4.517,0
606,18233.922,19.528000,-157.351000,5953.630400,-4080.755334,-4080.755334,10034.385734,30.015,4.241,0
607,18264.315,19.528000,-158.016000,5965.888800,-4131.744886,-4131.744886,10097.633686,30.064,4.678,0
608,18293.850,19.528000,-157.967000,6002.524100,-4158.266068,-4158.266068,10160.790168,30.043,4.124,0
609,18324.316,19.970000,-157.597000,6080.576400,-4142.417125,-4142.417125,10222.993525,30.082,4.546,0
610,18354.733,19.086000,-157.351000,6038.236300,-4250.313738,-4250.313738,10288.550038,30.888,4.025,0
611,18385.148,18.645000,-157.227000,6076.088100,-4274.462460,-4274.462460,10350.550560,29.924,4.497,0
612,18415.013,18.645000,-157.203000,6125.040300,-4287.499873,-4287.499873,10412.540173,30.020,4.387,0
613,18444.932,17.320000,-157.203000,6057.148000,-4420.917703,-4420.917703,10478.065703,30.017,4.264,0
614,18475.581,18.203000,-157.203000,6203.511200,-4333.012595,-4333.012595,10536.523795,29.940,4.985,0
615,18504.903,17.761000,-157.203000,6165.049400,-4437.020491,-4437.020491,10602.069891,30.020,4.301,0
616,18534.451,17.320000,-157.203000,6178.557100,-4486.369830,-4486.369830,10664.926930,30.005,3.864,0
617,18564.911,17.320000,-157.203000,6223.776800,-4503.144054,-4503.144054,10726.920854,30.014,4.234,0
618,18594.631,17.320000,-157.203000,6251.356500,-4538.495963,-4538.495963,10789.852463,29.979,4.079,0
619,18624.667,17.320000,-157.203000,6278.936200,-4573.768963,-4573.768963,10852.705163,30.054,4.037,0
620,18654.812,16.878000,-157.203000,6273.586900,-4642.864248,-4642.864248,10916.451148,29.965,4.219,0
621,18684.626,17.320000,-157.203000,6350.670600,-4626.904575,-4626.904575,10977.575175,29.993,3.990,0
622,18715.256,17.320000,-157.203000,6360.570300,-4680.760118,-4680.760118,11041.330418,29.997,4.605,0
623,18745.406,16.878000,-157.203000,6355.221000,-4749.901573,-4749.901573,11105.122573,30.042,4.771,0
624,18775.211,17.320000,-157.203000,6432.304700,-4733.910777,-4733.910777,11166.215477,30.099,4.452,0
625,18804.714,17.761000,-157.203000,6475.058900,-4754.031636,-4754.031636,11229.090536,30.055,3.920,0
626,18837.023,17.320000,-157.203000,6453.246600,-4840.516411,-4840.516411,11293.763011,30.805,5.305,0
627,18866.075,17.761000,-157.203000,6531.320800,-4823.538408,-4823.538408,11354.859208,30.000,4.416,0
628,18896.884,17.320000,-157.203000,6509.508500,-4910.016003,-4910.016003,11419.524503,30.000,5.222,0
629,18926.798,18.203000,-157.203000,6620.511700,-4859.239025,-4859.239025,11479.750725,30.019,5.229,0
630,18956.452,18.203000,-157.203000,6614.978900,-4929.407860,-4929.407860,11544.386760,30.003,4.819,0
631,18986.584,17.761000,-157.203000,6611.837100,-4996.335053,-4996.335053,11608.172153,29.989,4.961,0
632,19015.595,18.203000,-157.203000,6691.128300,-4978.145671,-4978.145671,11669.273971,30.004,3.958,0
633,19046.323,18.645000,-157.203000,6736.164500,-4996.009595,-4996.009595,11732.174095,30.045,4.681,0
634,19076.067,18.203000,-157.203000,6716.447700,-5080.344774,-5080.344774,11796.792474,29.961,4.433,0
635,19106.223,18.203000,-157.203000,6763.914900,-5094.910875,-5094.910875,11858.825775,30.025,4.600,0
636,19137.023,18.203000,-157.203000,6793.702100,-5128.018997,-5128.018997,11921.721097,29.998,5.390,0
637,19165.945,18.203000,-157.203000,6823.489300,-5161.085912,-5161.085912,11984.575212,30.002,4.325,0
638,19195.991,18.203000,-157.203000,6853.276500,-5194.163612,-5194.163612,12047.440112,30.014,4.327,0
639,19226.592,18.203000,-157.203000,6883.063700,-5227.265076,-5227.265076,12110.328776,30.033,4.914,0
640,19255.856,17.761000,-157.203000,6879.921900,-5294.166722,-5294.166722,12174.088622,30.072,4.117,0
641,19285.964,18.203000,-157.203000,6959.213100,-5276.009406,-5276.009406,12235.222506,30.053,4.142,0
642,19318.632,18.203000,-157.203000,6971.320300,-5327.636127,-5327.636127,12298.956427,30.844,5.977,0
643,19351.778,17.761000,-157.203000,6968.178500,-5394.589627,-5394.589627,12362.768127,29.998,9.143,0
644,19377.269,17.761000,-157.203000,7014.540700,-5410.164648,-5410.164648,12424.705348,29.998,4.639,0
645,20098.191,19.086000,0.074000,12347.804100,-75.838351,-75.838351,12423.642451,718.491,6.856,0
646,20126.410,19.528000,0.222000,11908.523300,-516.826225,-516.826225,12425.349525,29.988,4.847,0
647,20157.858,19.086000,0.468000,11914.455100,-512.458126,-512.458126,12426.913226,29.533,7.177,0
648,20187.054,19.086000,0.788000,11989.750900,-435.937797,-435.937797,12425.688697,30.003,6.346,0
649,20214.921,18.203000,1.133000,11982.220700,-444.820438,-444.820438,12427.041138,30.000,4.221,0
650,20245.508,17.320000,1.503000,12008.590000,-417.835575,-417.835575,12426.425575,30.002,4.700,0
651,20275.953,16.436000,1.873000,12032.639300,-393.000098,-393.000098,12425.639398,30.000,5.176,0
652,20305.748,15.553000,2.267000,12055.424500,-369.316296,-369.316296,12424.740796,30.017,4.981,0
653,20335.391,13.786000,2.686000,12010.899100,-414.587554,-414.587554,12425.486654,30.054,4.572,0
654,20384.674,12.019000,3.080000,11996.455600,-427.698675,-427.698675,12424.154275,30.078,23.696,0
655,20396.625,10.252000,3.450000,11976.914600,-445.887415,-445.887415,12422.802015,30.051,5.696,0
656,20425.789,8.927000,3.770000,11984.339100,-436.023041,-436.023041,12420.362141,29.980,4.853,0
657,20455.848,8.043000,4.090000,12003.807600,-414.085373,-414.085373,12417.892973,30.830,4.083,0
658,20486.148,6.718000,4.386000,11969.809200,-447.144861,-447.144861,12416.954061,29.999,4.378,0
659,20516.380,6.277000,4.632000,12014.442900,-398.923331,-398.923331,12413.366231,30.015,4.697,0
660,20545.681,5.835000,4.854000,12021.919800,-389.542111,-389.542111,12411.461911,29.994,3.984,0
661,20576.089,4.951000,5.051000,11994.669400,-415.563699,-415.563699,12410.233099,30.005,4.392,0
662,20607.185,4.951000,5.224000,12048.047300,-358.349073,-358.349073,12406.396373,30.022,5.490,0
663,20636.399,4.068000,5.322000,11997.888500,-408.193509,-408.193509,12406.082009,29.979,4.686,0
664,20669.743,3.626000,5.421000,12013.964600,-389.041975,-389.041975,12403.006575,30.036,8.033,0
665,20697.726,2.743000,5.495000,11977.620600,-424.050540,-424.050540,12401.671140,29.982,5.956,0
666,20725.753,2.301000,5.519000,11987.991000,-410.574358,-410.574358,12398.565358,30.005,3.994,0
667,20756.609,1.418000,5.519000,11946.119900,-451.148567,-451.148567,12397.268467,29.997,4.861,0
668,20785.883,0.093000,5.519000,11886.824300,-509.072126,-509.072126,12395.896426,29.991,4.157,0
669,20816.407,-0.791000,5.519000,11874.750700,-518.028089,-518.028089,12392.778789,30.087,4.571,0
670,20846.656,-2.116000,5.519000,11809.972600,-581.495185,-581.495185,12391.467785,30.107,4.683,0
671,20879.122,-2.558000,5.519000,11825.305500,-562.199460,-562.199460,12387.504960,29.985,7.166,0
672,20908.107,-3.441000,5.519000,11771.358900,-614.774073,-614.774073,12386.132973,30.107,6.071,0
673,20938.061,-3.441000,5.519000,11798.628300,-583.575889,-583.575889,12382.204189,30.756,5.240,0
674,20966.451,-3.883000,5.519000,11757.648700,-623.234525,-623.234525,12380.883225,29.969,3.687,0
675,20997.122,-3.441000,5.519000,11799.102100,-577.786685,-577.786685,12376.888785,29.986,4.377,0
676,21027.561,-3.441000,5.519000,11773.371500,-602.181138,-602.181138,12375.552638,30.008,4.800,0
677,21057.041,-3.883000,5.519000,11732.391900,-641.817592,-641.817592,12374.209492,30.022,4.201,0
678,21087.361,-3.883000,5.519000,11740.916300,-630.200537,-630.200537,12371.116837,29.982,4.526,0
679,21117.066,-3.883000,5.519000,11731.760700,-637.185969,-637.185969,12368.946669,30.002,4.286,0
680,21147.061,-4.325000,5.593000,11692.125500,-675.400359,-675.400359,12367.525859,30.001,4.280,0
681,21177.042,-3.883000,5.692000,11735.536200,-628.010065,-628.010065,12363.546265,30.023,4.250,0
682,21207.289,-3.883000,5.692000,11708.420900,-653.711680,-653.711680,12362.132580,29.985,4.545,0
683,21236.854,-3.441000,5.692000,11732.211600,-626.756103,-626.756103,12358.967703,30.000,4.110,0
684,21268.144,-2.116000,5.692000,11805.210800,-549.714515,-549.714515,12354.925315,30.020,5.409,0
685,21297.803,-2.558000,5.692000,11714.561000,-641.650798,-641.650798,12356.211798,30.025,4.894,0
686,21327.709,-2.558000,5.692000,11726.415200,-626.633639,-626.633639,12353.048839,30.062,4.819,0
687,21359.143,-1.674000,5.692000,11786.447400,-562.556627,-562.556627,12349.004027,30.090,6.148,0
688,21388.987,-0.349000,5.692000,11846.184100,-499.678153,-499.678153,12345.862253,30.815,4.961,0
689,21418.501,-0.349000,5.692000,11792.880800,-553.363134,-553.363134,12346.243934,30.006,4.710,0
690,21448.928,-0.791000,5.692000,11759.648500,-585.182614,-585.182614,12344.831114,29.992,5.230,0
691,21478.497,0.093000,5.692000,11841.778200,-498.166621,-498.166621,12339.944821,30.009,4.796,0
692,21508.766,0.534000,5.692000,11840.074400,-498.451170,-498.451170,12338.525570,29.997,4.984,0
693,21539.127,0.093000,5.692000,11791.484100,-546.514322,-546.514322,12337.998422,30.001,5.440,0
694,21568.077,0.093000,5.692000,11809.925800,-524.960913,-524.960913,12334.886713,30.008,4.260,0
695,21598.752,-0.349000,5.692000,11777.798500,-555.687826,-555.687826,12333.486326,30.005,4.884,0
696,21627.537,-0.791000,5.692000,11762.246200,-568.931525,-568.931525,12331.177725,29.986,3.809,0
697,21659.472,-1.233000,5.692000,11745.588900,-583.353328,-583.353328,12328.942228,30.003,5.676,0
698,21688.730,-1.674000,5.692000,11727.901100,-598.676394,-598.676394,12326.577494,30.028,4.909,0
699,21718.733,-2.116000,5.692000,11708.996300,-615.314891,-615.314891,12324.311191,30.013,4.874,0
700,21747.891,-2.558000,5.692000,11689.026500,-633.003361,-633.003361,12322.029861,30.018,3.856,0
701,21778.290,-2.999000,5.692000,11668.026200,-651.731500,-651.731500,12319.757700,30.019,4.236,0
702,21808.864,-3.441000,5.692000,11645.808900,-671.721343,-671.721343,12317.530243,30.113,4.618,0
703,21838.084,-3.883000,5.692000,11622.526600,-692.681276,-692.681276,12315.207876,30.024,3.970,0
704,21869.270,-4.325000,5.692000,11598.139300,-714.761103,-714.761103,12312.900403,31.098,4.028,0
705,21900.019,-3.883000,5.692000,11638.505000,-670.372401,-670.372401,12308.877401,29.701,4.493,0
706,21929.582,-3.883000,5.692000,11611.686700,-695.808604,-695.808604,12307.495304,30.005,4.606,0
707,21959.065,-2.999000,5.692000,11668.406400,-635.028412,-635.028412,12303.434812,30.000,4.087,0
708,21989.399,-2.558000,5.692000,11658.972600,-643.109951,-643.109951,12302.082551,30.001,4.445,0
709,22019.110,-1.674000,5.692000,11701.364800,-597.536772,-597.536772,12298.901572,30.001,4.276,0
710,22050.824,-1.233000,5.692000,11695.243500,-602.310162,-602.310162,12297.553662,30.015,5.986,0
711,22079.630,-0.791000,5.692000,11708.019200,-587.255499,-587.255499,12295.274699,29.991,4.682,0
712,22109.021,-0.791000,5.692000,11688.930900,-604.947358,-604.947358,12293.878258,30.007,4.142,0
713,22138.896,-0.349000,5.692000,11720.451600,-570.243369,-570.243369,12290.694969,29.999,4.056,0
714,22170.355,-0.349000,5.692000,11702.468300,-586.882568,-586.882568,12289.350868,30.006,5.495,0
715,22199.199,-0.349000,5.692000,11702.165000,-584.856466,-584.856466,12287.021466,30.004,4.350,0
716,22228.742,-0.349000,5.692000,11701.861700,-582.930883,-582.930883,12284.792583,30.048,3.847,0
717,22259.120,-0.349000,5.692000,11701.558400,-580.925473,-580.925473,12282.483873,30.086,4.132,0
718,22289.529,-0.349000,5.692000,11701.255100,-578.978350,-578.978350,12280.233450,30.051,4.479,0
719,22319.769,-0.791000,5.692000,11668.022800,-610.811775,-610.811775,12278.834575,30.817,3.864,0
720,22349.914,-1.233000,5.692000,11651.365500,-625.154260,-625.154260,12276.519760,30.005,4.047,0
721,22380.531,-0.791000,5.692000,11699.461200,-573.008761,-573.008761,12272.469961,30.009,4.509,0
722,22410.387,-0.791000,5.692000,11680.372900,-590.760139,-590.760139,12271.133039,29.995,4.450,0
723,22442.452,-1.233000,5.692000,11646.035600,-623.682817,-623.682817,12269.718417,30.010,6.531,0
724,22470.270,-1.674000,5.692000,11628.347800,-639.035065,-639.035065,12267.382865,30.063,4.256,0
725,22501.607,-1.674000,5.692000,11642.372000,-621.894235,-621.894235,12264.266235,29.921,5.817,0
726,22530.390,-1.674000,5.692000,11638.756200,-623.274146,-623.274146,12262.030346,30.031,4.440,0
727,22560.135,-2.116000,5.692000,11602.211400,-658.374903,-658.374903,12260.586303,30.009,4.143,0
728,22591.457,-2.116000,5.692000,11615.170600,-642.237194,-642.237194,12257.407794,30.018,5.157,0
729,22620.009,-2.116000,5.692000,11610.449800,-644.662979,-644.662979,12255.112779,29.999,3.891,0
730,22651.258,-2.116000,5.692000,11605.729000,-647.152065,-647.152065,12252.881065,30.025,5.153,0
731,22680.703,-2.558000,5.692000,11568.079200,-683.356382,-683.356382,12251.435582,29.983,4.650,0
732,22711.410,-2.116000,5.692000,11612.862400,-634.542448,-634.542448,12247.404848,30.101,5.327,0
733,22740.876,-2.116000,5.692000,11590.461600,-655.530062,-655.530062,12245.991662,30.027,4.203,0
734,22770.156,-2.116000,5.692000,11585.740800,-658.056321,-658.056321,12243.797121,30.052,4.099,0
735,22801.196,-2.116000,5.692000,11581.020000,-660.466166,-660.466166,12241.486166,30.781,4.238,0
736,22831.346,-1.674000,5.692000,11609.228200,-629.065644,-629.065644,12238.293844,29.992,4.407,0
737,22861.641,-1.674000,5.692000,11587.932400,-649.023059,-649.023059,12236.955459,30.005,4.659,0
738,22891.559,-2.116000,5.692000,11551.387600,-684.130054,-684.130054,12235.517654,30.015,4.685,0
739,22920.597,-2.116000,5.692000,11564.346800,-668.031069,-668.031069,12232.377869,29.988,3.754,0
740,22951.181,-2.116000,5.692000,11559.626000,-670.466108,-670.466108,12230.092108,30.002,4.342,0
741,22981.115,-2.558000,5.692000,11521.976200,-706.745366,-706.745366,12228.721566,30.002,4.190,0
742,23010.892,-2.558000,5.692000,11533.830400,-691.720898,-691.720898,12225.551298,30.008,4.039,0
743,23041.010,-2.558000,5.692000,11528.004600,-695.250976,-695.250976,12223.255576,30.002,4.181,0
744,23071.042,-2.558000,5.692000,11522.178800,-698.829021,-698.829021,12221.007821,30.011,4.217,0
745,23100.659,-2.558000,5.692000,11516.353000,-702.337180,-702.337180,12218.690180,29.985,3.805,0
746,23130.628,-2.558000,5.692000,11510.527200,-705.899009,-705.899009,12216.426209,30.041,3.764,0
747,23160.724,-2.116000,5.692000,11537.630400,-675.652576,-675.652576,12213.282976,30.052,3.803,0
748,23191.118,-2.116000,5.692000,11515.229600,-696.651772,-696.651772,12211.881372,30.067,4.135,0
749,23221.031,-1.674000,5.692000,11543.437800,-665.321707,-665.321707,12208.759507,30.076,3.963,0
750,23252.613,-1.233000,5.692000,11554.996500,-651.435911,-651.435911,12206.432411,30.796,4.756,0
751,23282.244,-0.791000,5.692000,11567.772200,-636.395442,-636.395442,12204.167642,29.993,4.370,0
752,23312.020,-0.349000,5.692000,11581.612900,-620.275852,-620.275852,12201.888752,29.984,4.183,0
753,23342.548,0.093000,5.692000,11596.558600,-603.122245,-603.122245,12199.680845,30.019,4.677,0
754,23371.448,0.093000,5.692000,11579.680300,-618.566907,-618.566907,12198.247207,30.012,3.578,0
755,23402.048,0.534000,5.692000,11613.336500,-581.763972,-581.763972,12195.100472,30.094,4.041,0
756,23432.274,0.534000,5.692000,11597.600700,-596.119679,-596.119679,12193.720379,30.549,3.730,0
757,23462.574,0.976000,5.692000,11632.433900,-558.118090,-558.118090,12190.551990,29.340,4.693,0
758,23491.764,0.976000,5.692000,11617.763100,-571.392668,-571.392668,12189.155768,30.020,3.858,0
759,23521.740,0.976000,5.692000,11620.772300,-566.091588,-566.091588,12186.863888,29.997,3.830,0
760,23553.458,0.976000,5.692000,11623.781500,-560.806857,-560.806857,12184.588357,30.015,5.515,0
761,23581.885,0.534000,5.692000,11593.861700,-589.346407,-589.346407,12183.208107,29.962,4.044,0
762,23612.057,1.418000,5.692000,11679.303900,-498.985834,-498.985834,12178.289734,30.030,4.173,0
763,23641.853,0.976000,5.692000,11615.129100,-563.514662,-563.514662,12178.643762,30.054,3.894,0
764,23672.352,1.418000,5.692000,11668.747300,-505.893636,-505.893636,12174.640936,30.061,4.314,0
765,23701.944,1.418000,5.692000,11655.181500,-518.019649,-518.019649,12173.201149,30.062,3.873,0
766,23733.985,0.976000,5.692000,11626.366700,-545.483398,-545.483398,12171.850098,30.811,5.086,0
767,23762.919,1.418000,5.692000,11679.984900,-487.816692,-487.816692,12167.801592,29.997,4.027,0
768,23793.212,1.859000,5.692000,11699.273600,-466.227297,-466.227297,12165.500897,29.995,4.348,0
769,23823.162,1.859000,5.692000,11686.850300,-477.254237,-477.254237,12164.104537,30.019,4.036,0
770,23853.460,2.301000,5.692000,11724.996000,-435.975003,-435.975003,12160.971003,29.991,4.597,0
771,23883.785,1.859000,5.692000,11680.708700,-479.751649,-479.751649,12160.460349,30.004,4.830,0
772,23913.056,2.301000,5.692000,11736.534400,-419.875262,-419.875262,12156.409662,30.001,4.117,0
773,23942.921,1.859000,5.692000,11692.247100,-463.629393,-463.629393,12155.876493,30.006,4.066,0
774,23973.701,2.301000,5.692000,11748.072800,-403.771940,-403.771940,12151.844740,30.005,4.783,0
775,24003.022,1.859000,5.692000,11703.785500,-447.531624,-447.531624,12151.317124,30.014,4.128,0
776,24032.771,2.301000,5.692000,11759.611200,-387.676131,-387.676131,12147.287331,29.982,3.918,0
777,24063.067,2.743000,5.692000,11781.181900,-363.847038,-363.847038,12145.028938,30.003,4.197,0
778,24093.148,2.301000,5.692000,11737.999600,-406.513438,-406.513438,12144.513038,30.029,4.244,0
779,24122.830,1.859000,5.692000,11729.072300,-413.118231,-413.118231,12142.190531,30.075,3.846,0
780,24152.751,2.301000,5.692000,11784.898000,-353.292110,-353.292110,12138.190110,30.059,3.699,0
781,24183.409,2.301000,5.692000,11773.539700,-363.241612,-363.241612,12136.781312,30.070,4.309,0
782,24214.252,2.301000,5.692000,11779.861400,-354.672249,-354.672249,12134.533649,30.778,4.377,0
783,24244.088,2.743000,5.692000,11819.112100,-312.195339,-312.195339,12131.307439,30.001,4.204,0
784,24273.658,2.301000,5.692000,11775.929800,-354.940807,-354.940807,12130.870607,30.004,3.772,0
785,24303.956,2.301000,5.692000,11799.931500,-327.777815,-327.777815,12127.709315,29.999,4.069,0
786,24334.299,1.859000,5.692000,11773.324200,-352.980308,-352.980308,12126.304508,30.002,4.403,0
787,24363.719,2.301000,5.692000,11829.149900,-293.106932,-293.106932,12122.256832,30.013,3.816,0
788,24394.042,2.301000,5.692000,11817.791600,-303.068400,-303.068400,12120.860000,29.980,4.136,0
789,24424.169,2.301000,5.692000,11824.113300,-294.478013,-294.478013,12118.591313,29.998,4.294,0
790,24455.358,2.301000,5.692000,11830.435000,-285.836737,-285.836737,12116.271737,30.032,5.383,0
791,24485.607,2.301000,5.692000,11836.756700,-277.298678,-277.298678,12114.055378,30.013,5.647,0
792,24513.879,2.743000,5.692000,11876.007400,-234.856895,-234.856895,12110.864295,29.998,3.925,0
793,24544.012,2.301000,5.692000,11832.825100,-277.545156,-277.545156,12110.370256,30.031,3.999,0
794,24573.922,2.301000,5.692000,11856.826800,-250.361397,-250.361397,12107.188197,30.035,3.921,0
795,24604.976,1.859000,5.692000,11830.219500,-275.567635,-275.567635,12105.787135,30.045,4.919,0
796,24634.062,1.859000,5.692000,11853.116200,-249.554476,-249.554476,12102.670676,30.290,3.713,0
797,24665.653,1.859000,5.692000,11858.332900,-242.049301,-242.049301,12100.382201,31.076,4.221,0
798,24695.188,1.859000,5.692000,11863.549600,-234.533554,-234.533554,12098.083154,29.499,4.307,0
799,24725.226,1.859000,5.692000,11868.766300,-227.046814,-227.046814,12095.813114,30.016,4.333,0
800,24755.823,1.859000,5.692000,11873.983000,-219.551018,-219.551018,12093.534018,29.998,4.971,0
801,24784.747,1.859000,5.692000,11879.199700,-212.063552,-212.063552,12091.263252,29.999,3.813,0
802,24816.412,1.859000,5.692000,11884.416400,-204.554225,-204.554225,12088.970625,30.014,5.426,0
803,24845.815,1.859000,5.692000,11889.633100,-197.115611,-197.115611,12086.748711,29.992,4.932,0
804,24874.872,1.859000,5.692000,11894.849800,-189.557672,-189.557672,12084.407472,30.005,3.959,0
805,24904.855,1.859000,5.692000,11900.066500,-182.051492,-182.051492,12082.117992,30.015,3.960,0
806,24935.662,1.859000,5.692000,11905.283200,-174.613634,-174.613634,12079.896834,29.984,4.725,0
807,24965.244,1.859000,5.692000,11910.499900,-167.135301,-167.135301,12077.635201,30.020,4.341,0
808,24996.581,1.859000,5.692000,11915.716600,-159.600939,-159.600939,12075.317539,30.019,5.372,0
809,25025.229,1.418000,5.692000,11888.078800,-185.829061,-185.829061,12073.907861,30.018,4.249,0
810,25055.285,1.859000,5.692000,11942.687500,-127.200815,-127.200815,12069.888315,30.069,4.236,0
811,25085.359,1.418000,5.692000,11897.409700,-171.976594,-171.976594,12069.386294,30.065,4.188,0
812,25116.170,1.418000,5.692000,11919.163900,-147.003989,-147.003989,12066.167889,30.818,4.245,0
813,25146.053,1.418000,5.692000,11923.278100,-140.669151,-140.669151,12063.947251,29.999,4.145,0
814,25176.231,1.418000,5.692000,11927.392300,-134.242344,-134.242344,12061.634644,30.007,4.286,0
815,25206.308,1.418000,5.692000,11931.506500,-127.907681,-127.907681,12059.414181,30.001,4.383,0
816,25236.020,1.418000,5.692000,11935.620700,-121.451357,-121.451357,12057.072057,30.004,4.087,0
817,25267.008,1.418000,5.692000,11939.734900,-115.097360,-115.097360,12054.832260,30.019,5.045,0
818,25297.296,1.418000,5.692000,11943.849100,-108.704491,-108.704491,12052.553591,30.662,4.719,0
819,25328.936,1.418000,5.692000,11947.963300,-102.324698,-102.324698,12050.287998,31.197,5.150,0
820,25356.870,1.418000,5.692000,11952.077500,-95.909371,-95.909371,12047.986871,28.113,4.940,0
821,25387.353,0.976000,5.692000,11923.262700,-123.369191,-123.369191,12046.631891,30.018,5.374,0
822,25417.570,0.976000,5.692000,11943.951900,-99.482670,-99.482670,12043.434570,30.018,5.577,0
823,25448.655,0.976000,5.692000,11946.961100,-94.201612,-94.201612,12041.162712,29.999,6.668,0
824,25475.687,0.976000,5.692000,11949.970300,-88.901421,-88.901421,12038.871721,30.040,3.667,0
825,25507.439,0.093000,5.692000,11887.196000,-151.184639,-151.184639,12038.380639,30.029,5.394,0
826,25536.516,0.534000,5.692000,11956.172200,-77.255087,-77.255087,12033.427287,30.126,4.301,0
827,25566.123,0.093000,5.692000,11907.581900,-125.353298,-125.353298,12032.935198,29.992,3.937,0
828,25597.413,0.093000,5.692000,11926.023600,-103.713704,-103.713704,12029.737304,30.902,4.352,0
829,25627.032,0.093000,5.692000,11926.825300,-100.645233,-100.645233,12027.470533,29.896,4.089,0
830,25657.630,-0.349000,5.692000,11894.698000,-131.395856,-131.395856,12026.093856,30.003,4.718,0
831,25687.912,-0.349000,5.692000,11912.074700,-110.902793,-110.902793,12022.977493,30.007,4.888,0
832,25717.294,-0.791000,5.692000,11878.842400,-142.643514,-142.643514,12021.485914,30.014,4.354,0
833,25747.649,-1.233000,5.692000,11862.185100,-157.063349,-157.063349,12019.248449,29.999,4.727,0
834,25777.299,-1.674000,5.692000,11844.497300,-172.459538,-172.459538,12016.956838,29.998,4.344,0
835,25807.595,-1.674000,5.692000,11858.521500,-155.321936,-155.321936,12013.843436,30.008,4.590,0
836,25838.309,-2.116000,5.692000,11821.976700,-190.408818,-190.408818,12012.385518,29.997,5.321,0
837,25867.011,-2.116000,5.692000,11834.935900,-174.310733,-174.310733,12009.246633,30.023,4.007,0
838,25897.826,-2.116000,5.692000,11830.215100,-176.779162,-176.779162,12006.994262,29.987,4.857,0
839,25927.610,-2.558000,5.692000,11792.565300,-213.008731,-213.008731,12005.574031,30.002,4.634,0
840,25958.733,-2.558000,5.692000,11804.419500,-198.022603,-198.022603,12002.442103,30.081,5.678,0
841,25987.174,-3.441000,5.692000,11732.810200,-269.105960,-269.105960,12001.916160,30.054,4.048,0
842,26018.037,-2.999000,5.692000,11793.025900,-203.969230,-203.969230,11996.995130,30.094,4.806,0
843,26048.193,-2.999000,5.692000,11768.417600,-227.174662,-227.174662,11995.592262,30.795,4.182,0
844,26078.044,-2.999000,5.692000,11761.489300,-231.842598,-231.842598,11993.331898,29.997,4.038,0
845,26108.236,-2.558000,5.692000,11787.415500,-202.700771,-202.700771,11990.116271,30.009,4.215,0
846,26138.883,-2.558000,5.692000,11763.949700,-224.798535,-224.798535,11988.748235,30.007,4.669,0
847,26168.770,-2.116000,5.692000,11791.052900,-194.544339,-194.544339,11985.597239,29.986,4.752,0
848,26199.392,-2.558000,5.692000,11735.723100,-249.380071,-249.380071,11985.103171,29.984,5.344,0
849,26230.003,-2.116000,5.692000,11780.506300,-200.586674,-200.586674,11981.092974,30.004,5.903,0
850,26259.050,-2.116000,5.692000,11758.105500,-221.532335,-221.532335,11979.637835,29.998,4.885,0
851,26288.469,-2.116000,5.692000,11753.384700,-224.004570,-224.004570,11977.389270,29.983,4.413,0
852,26318.494,-1.674000,5.692000,11781.592900,-192.656918,-192.656918,11974.249818,30.042,4.309,0
853,26348.711,-2.116000,5.692000,11727.368100,-246.334953,-246.334953,11973.703053,30.024,4.431,0
854,26379.720,-2.558000,5.692000,11707.398300,-264.003955,-264.003955,11971.402255,30.000,5.402,0
855,26409.000,-2.999000,5.692000,11686.398000,-282.767626,-282.767626,11969.165626,30.020,4.746,0
856,26438.923,-2.999000,5.692000,11697.109700,-268.870913,-268.870913,11965.980613,30.080,4.595,0
857,26468.265,-3.441000,5.692000,11657.252400,-307.297967,-307.297967,11964.550367,30.050,3.829,0
858,26500.573,-2.999000,5.692000,11699.828100,-260.706072,-260.706072,11960.534172,30.811,5.406,0
859,26529.170,-2.999000,5.692000,11675.219800,-283.919084,-283.919084,11959.138884,29.995,4.026,0
860,26559.962,-2.558000,5.692000,11701.146000,-254.876831,-254.876831,11956.022831,30.007,4.892,0
861,26597.246,-2.116000,5.692000,11710.609200,-243.105816,-243.105816,11953.715016,30.010,12.204,0
862,26618.791,-1.674000,5.692000,11721.137400,-230.343835,-230.343835,11951.481235,29.995,3.790,0
863,26649.227,-1.233000,5.692000,11732.696100,-216.472756,-216.472756,11949.168856,30.007,4.225,0
864,26679.499,-0.791000,5.692000,11745.471800,-201.464680,-201.464680,11946.936480,30.010,4.498,0
865,26708.974,-0.791000,5.692000,11726.383500,-219.139010,-219.139010,11945.522510,29.978,3.996,0
866,26739.607,-0.791000,5.692000,11724.975200,-218.258495,-218.258495,11943.233695,30.025,4.639,0
867,26768.990,-0.349000,5.692000,11756.495900,-183.623612,-183.623612,11940.119512,30.016,3.950,0
868,26799.212,-0.791000,5.692000,11705.583600,-234.003538,-234.003538,11939.587138,29.984,4.220,0
869,26829.743,-1.233000,5.692000,11688.926300,-248.367946,-248.367946,11937.294246,29.998,4.708,0
870,26859.746,-0.791000,5.692000,11737.022000,-196.222692,-196.222692,11933.244692,30.053,4.677,0
871,26889.138,-0.791000,5.692000,11717.933700,-213.913267,-213.913267,11931.846967,30.080,3.963,0
872,26919.524,-0.791000,5.692000,11716.525400,-213.092097,-213.092097,11929.617497,30.049,4.293,0
873,26950.269,-0.791000,5.692000,11715.117100,-212.145624,-212.145624,11927.262724,30.843,4.170,0
874,26980.364,-0.791000,5.692000,11713.708800,-211.368851,-211.368851,11925.077651,29.977,4.229,0
875,27010.052,-0.791000,5.692000,11712.300500,-210.407440,-210.407440,11922.707940,29.998,3.940,0
876,27039.882,-1.233000,5.692000,11677.963200,-243.366841,-243.366841,11921.330041,30.009,3.827,0
877,27069.968,-0.791000,5.692000,11726.058900,-191.247100,-191.247100,11917.306000,29.994,3.925,0
878,27099.950,-0.791000,5.692000,11706.970600,-208.946264,-208.946264,11915.916864,30.005,3.905,0
879,27131.265,-0.791000,5.692000,11705.562300,-208.082654,-208.082654,11913.644954,30.702,4.495,0
880,27161.814,-0.791000,5.692000,11704.154000,-207.193331,-207.193331,11911.347331,30.823,4.238,0
881,27190.875,-0.791000,5.692000,11702.745700,-206.318389,-206.318389,11909.064089,28.474,4.821,0
882,27864.867,-3.441000,0.000000,11315.507200,-598.758709,-598.758709,11914.265909,668.017,10.752,0
883,27913.102,-3.441000,0.000000,11429.980700,-479.025258,-479.025258,11909.005958,30.040,28.964,0
884,27926.436,-4.325000,0.000000,11355.520200,-555.246755,-555.246755,11910.766955,30.005,11.607,0
885,27953.919,-4.325000,0.000000,11380.067700,-528.918659,-528.918659,11908.986359,31.505,8.216,0
886,27979.419,-4.766000,0.000000,11336.400700,-573.488460,-573.488460,11909.889160,28.490,5.291,0
887,28009.356,-4.325000,0.000000,11374.980200,-533.155502,-533.155502,11908.135702,30.018,5.180,0
888,28038.936,-5.208000,0.000000,11280.744200,-629.990213,-629.990213,11910.734413,29.978,4.849,0
889,28069.796,-5.208000,0.000000,11303.044200,-605.962827,-605.962827,11909.007027,30.003,5.677,0
890,28098.532,-5.650000,0.000000,11257.095200,-652.780935,-652.780935,11909.876135,30.013,4.464,0
891,28128.857,-5.650000,0.000000,11260.650200,-648.315567,-648.315567,11908.965767,29.986,4.768,0
892,28160.425,-5.208000,0.000000,11279.454200,-628.653560,-628.653560,11908.107760,30.000,6.337,0
893,28189.174,-5.208000,0.000000,11248.754200,-660.220084,-660.220084,11908.974284,30.008,5.076,0
894,28218.174,-5.208000,0.000000,11235.734200,-673.279916,-673.279916,11909.014116,30.092,3.966,0
895,28248.406,-5.208000,0.000000,11222.714200,-686.276168,-686.276168,11908.990368,30.065,4.159,0
896,28278.554,-4.766000,0.000000,11242.623200,-665.474415,-665.474415,11908.097615,30.069,4.242,0
897,28309.084,-4.766000,0.000000,11213.028200,-695.973325,-695.973325,11909.001525,30.790,3.946,0
898,28339.392,-4.325000,0.000000,11233.967700,-674.141814,-674.141814,11908.109514,30.021,4.262,0
899,28370.173,-3.883000,0.000000,11238.444200,-669.717640,-669.717640,11908.161840,30.001,5.034,0
900,28399.811,-2.999000,0.000000,11276.914700,-630.306527,-630.306527,11907.221227,30.000,4.690,0
901,28429.685,-3.441000,0.000000,11201.128200,-708.760510,-708.760510,11909.888710,30.004,4.525,0
902,28459.170,-3.441000,0.000000,11210.205700,-698.763661,-698.763661,11908.969361,30.003,4.019,0
903,28490.194,-2.999000,0.000000,11234.532200,-673.616306,-673.616306,11908.148506,30.429,4.624,0
904,28521.794,-2.999000,0.000000,11209.354700,-699.646538,-699.646538,11909.001238,31.354,4.861,0
905,28550.245,-2.999000,0.000000,11201.857200,-707.154380,-707.154380,11909.011580,28.196,5.110,0
906,28580.150,-2.999000,0.000000,11194.359700,-714.683109,-714.683109,11909.042809,30.013,4.966,0
907,28609.627,-2.999000,0.000000,11186.862200,-722.157334,-722.157334,11909.019534,30.000,4.431,0
908,28639.066,-2.999000,0.000000,11179.364700,-729.632698,-729.632698,11908.997398,30.016,3.879,0
909,28670.375,-2.999000,0.000000,11171.867200,-737.125910,-737.125910,11908.993110,30.040,5.111,0
910,28699.069,-2.999000,0.000000,11164.369700,-744.644587,-744.644587,11909.014287,30.028,3.726,0
911,28729.604,-2.558000,0.000000,11189.726700,-718.406728,-718.406728,11908.133428,30.044,4.256,0
912,28759.545,-2.558000,0.000000,11165.691700,-743.308750,-743.308750,11909.000450,30.681,3.566,0
913,28790.347,-2.558000,0.000000,11159.296700,-749.715146,-749.715146,11909.011846,30.191,4.188,0
914,28820.663,-2.116000,0.000000,11185.830700,-722.316321,-722.316321,11908.147021,30.006,4.535,0
915,28850.279,-2.116000,0.000000,11162.860700,-746.184878,-746.184878,11909.045578,30.002,4.128,0
916,28880.537,-2.558000,0.000000,11124.641700,-785.279777,-785.279777,11909.921477,30.003,4.403,0
917,28910.195,-2.558000,0.000000,11135.926700,-773.075537,-773.075537,11909.002237,29.989,4.058,0
918,28940.683,-2.558000,0.000000,11129.531700,-779.481697,-779.481697,11909.013397,30.025,4.525,0
919,28970.330,-1.674000,0.000000,11188.994700,-718.284096,-718.284096,11907.278796,29.987,4.171,0
920,29000.067,-1.674000,0.000000,11149.449700,-759.567695,-759.567695,11909.017395,29.996,3.904,0
921,29030.448,-2.558000,0.000000,11079.406700,-831.372353,-831.372353,11910.779053,30.003,4.317,0
922,29060.331,-2.116000,0.000000,11141.300700,-766.835615,-766.835615,11908.136315,29.999,4.025,0
923,29092.745,-2.116000,0.000000,11118.330700,-790.691411,-790.691411,11909.022111,30.002,6.552,0
924,29120.365,-1.674000,0.000000,11145.969700,-762.183451,-762.183451,11908.153151,30.023,4.195,0
925,29150.484,-1.674000,0.000000,11124.104700,-784.934517,-784.934517,11909.039217,30.009,4.296,0
926,29180.650,-1.674000,0.000000,11119.919700,-789.102873,-789.102873,11909.022573,30.071,4.376,0
927,29210.632,-1.674000,0.000000,11115.734700,-793.296422,-793.296422,11909.031122,30.070,4.282,0
928,29241.273,-1.233000,0.000000,11144.404200,-763.727504,-763.727504,11908.131704,30.841,4.129,0
929,29271.380,-1.674000,0.000000,11090.827200,-819.095061,-819.095061,11909.922261,30.005,4.259,0
930,29301.388,-1.233000,0.000000,11137.136700,-770.998377,-770.998377,11908.135077,30.004,4.147,0
931,29331.279,-1.233000,0.000000,11116.414200,-792.571255,-792.571255,11908.985455,30.020,4.093,0
932,29362.029,-0.791000,0.000000,11146.260700,-761.902439,-761.902439,11908.163139,30.366,4.493,0
933,29393.157,-0.791000,0.000000,11126.603200,-782.389971,-782.389971,11908.993171,31.163,4.432,0
934,29421.947,-0.349000,0.000000,11157.554700,-750.578037,-750.578037,11908.132737,28.451,4.758,0
935,29451.368,-0.349000,0.000000,11139.002200,-770.053692,-770.053692,11909.055892,29.986,4.219,0
936,29482.371,-0.349000,0.000000,11138.129700,-770.925631,-770.925631,11909.055331,30.050,5.113,0
937,29513.139,-0.349000,0.000000,11137.257200,-771.796674,-771.796674,11909.053874,29.990,5.892,0
938,29541.524,0.093000,0.000000,11169.313700,-738.836084,-738.836084,11908.149784,30.001,4.270,0
939,29570.997,-0.791000,0.000000,11086.008200,-824.785583,-824.785583,11910.793783,29.992,3.809,0
940,29600.871,-0.791000,0.000000,11119.390700,-789.619094,-789.619094,11909.009794,29.997,3.661,0
941,29631.464,-0.791000,0.000000,11117.413200,-791.650804,-791.650804,11909.064004,30.068,4.206,0
942,29661.946,-0.791000,0.000000,11115.435700,-793.569472,-793.569472,11909.005172,30.289,4.383,0
943,29691.558,-0.791000,0.000000,11113.458200,-795.580854,-795.580854,11909.039054,29.828,4.108,0
944,29722.453,-0.791000,0.000000,11111.480700,-797.590763,-797.590763,11909.071463,30.810,4.274,0
945,29752.862,-0.791000,0.000000,11109.503200,-799.527606,-799.527606,11909.030806,29.999,4.661,0
946,29782.530,-0.791000,0.000000,11107.525700,-801.541372,-801.541372,11909.067072,29.997,4.344,0
947,29812.092,-0.791000,0.000000,11105.548200,-803.476321,-803.476321,11909.024521,30.024,3.909,0
948,29842.242,-1.233000,0.000000,11070.641700,-839.270393,-839.270393,11909.912093,29.994,4.040,0
949,29872.649,-1.233000,0.000000,11085.239200,-823.834932,-823.834932,11909.074132,30.003,4.422,0
950,29902.628,-1.233000,0.000000,11082.156700,-826.882754,-826.882754,11909.039454,29.991,4.439,0
951,29932.253,-1.233000,0.000000,11079.074200,-829.932829,-829.932829,11909.007029,30.031,4.013,0
952,29962.501,-1.233000,0.000000,11075.991700,-833.033076,-833.033076,11909.024776,29.973,4.327,0
953,29992.547,-1.233000,0.000000,11072.909200,-836.096179,-836.096179,11909.005379,30.014,4.340,0
954,30022.118,-1.233000,0.000000,11069.826700,-839.239706,-839.239706,11909.066406,29.998,3.881,0
955,30051.798,-1.233000,0.000000,11066.744200,-842.276613,-842.276613,11909.020813,29.998,3.601,0
956,30082.502,-1.233000,0.000000,11063.661700,-845.349871,-845.349871,11909.011571,30.045,4.251,0
957,30112.725,-1.233000,0.000000,11060.579200,-848.433595,-848.433595,11909.012795,30.037,4.438,0
958,30142.164,-1.233000,0.000000,11057.496700,-851.509151,-851.509151,11909.005851,30.086,3.808,0
959,30172.711,-1.674000,0.000000,11021.559700,-888.362240,-888.362240,11909.921940,30.084,4.225,0
960,30204.030,-1.674000,0.000000,11035.014700,-873.977327,-873.977327,11908.992027,30.950,4.473,0
961,30233.419,-1.233000,0.000000,11063.684200,-844.479023,-844.479023,11908.163223,30.165,3.700,0
962,30264.112,-1.233000,0.000000,11042.961700,-866.045641,-866.045641,11909.007341,29.637,4.797,0
963,30294.764,-1.233000,0.000000,11039.879200,-869.172840,-869.172840,11909.052040,30.023,5.448,0
964,30325.761,-1.674000,0.000000,11003.942200,-905.932586,-905.932586,11909.874786,29.978,6.513,0
965,30354.759,-1.233000,0.000000,11050.251700,-857.863851,-857.863851,11908.115551,30.030,5.389,0
966,30385.574,-1.233000,0.000000,11029.529200,-879.509191,-879.509191,11909.038391,29.999,6.289,0
967,30413.240,-1.233000,0.000000,11026.446700,-882.584884,-882.584884,11909.031584,30.003,3.943,0
968,30443.993,-1.674000,0.000000,10990.509700,-919.422074,-919.422074,11909.931774,29.983,4.702,0
969,30473.774,-1.233000,0.000000,11036.819200,-871.352747,-871.352747,11908.171947,30.029,4.481,0
970,30505.268,-1.233000,0.000000,11016.096700,-892.901479,-892.901479,11908.998179,29.994,5.871,0
971,30533.844,-1.674000,0.000000,10980.159700,-929.733377,-929.733377,11909.893077,29.991,4.531,0
972,30563.887,-1.674000,0.000000,10993.614700,-915.420509,-915.420509,11909.035209,30.037,4.579,0
973,30594.338,-1.674000,0.000000,10989.429700,-919.603788,-919.603788,11909.033488,30.086,4.908,0
974,30623.727,-1.674000,0.000000,10985.244700,-923.762214,-923.762214,11909.006914,30.064,4.262,0
975,30655.109,-1.674000,0.000000,10981.059700,-927.950847,-927.950847,11909.010547,30.814,4.839,0
976,30685.194,-2.116000,0.000000,10943.945700,-965.962609,-965.962609,11909.908309,30.000,4.919,0
977,30714.566,-1.674000,0.000000,10989.264700,-918.827801,-918.827801,11908.092501,29.989,4.334,0
978,30744.506,-1.674000,0.000000,10967.399700,-941.622326,-941.622326,11909.022026,30.030,4.250,0
979,30774.446,-1.674000,0.000000,10963.214700,-945.809288,-945.809288,11909.023988,29.999,4.199,0
980,30804.216,-1.233000,0.000000,10991.884200,-916.238572,-916.238572,11908.122772,29.977,3.986,0
981,30834.833,-1.233000,0.000000,10971.161700,-937.857235,-937.857235,11909.018935,30.013,4.558,0
982,30864.579,-1.233000,0.000000,10968.079200,-940.946944,-940.946944,11909.026144,30.011,4.323,0
983,30894.147,-1.674000,0.000000,10932.142200,-977.784664,-977.784664,11909.926864,29.984,3.906,0
984,30924.335,-2.116000,0.000000,10912.668200,-997.226710,-997.226710,11909.894910,30.009,4.073,0
985,30954.628,-2.558000,0.000000,10892.129200,-1017.781738,-1017.781738,11909.910938,29.996,4.389,0
986,30984.494,-2.999000,0.000000,10870.559700,-1039.338122,-1039.338122,11909.897822,30.031,4.234,0
987,31014.795,-2.999000,0.000000,10880.702200,-1028.276466,-1028.276466,11908.978666,30.002,4.545,0
988,31045.362,-3.441000,0.000000,10840.275700,-1069.669615,-1069.669615,11909.945315,30.064,5.031,0
989,31074.997,-2.999000,0.000000,10882.282200,-1025.847005,-1025.847005,11908.129205,30.079,4.563,0
990,31104.661,-2.558000,0.000000,10889.959200,-1018.184532,-1018.184532,11908.143732,30.071,4.156,0
991,31135.776,-1.674000,0.000000,10931.782200,-975.456649,-975.456649,11907.238849,30.810,4.473,0
992,31167.453,-0.791000,0.000000,10958.020700,-949.226044,-949.226044,11907.246744,30.261,5.869,0
993,31196.860,0.093000,0.000000,10986.581200,-920.727110,-920.727110,11907.308310,30.685,4.583,0
994,31225.005,0.976000,0.000000,11017.237200,-890.039645,-890.039645,11907.276845,29.092,3.629,0
995,31255.985,1.859000,0.000000,11050.140700,-857.151271,-857.151271,11907.291971,29.915,4.601,0
996,31285.989,2.743000,0.000000,11085.326200,-821.930456,-821.930456,11907.256656,30.032,4.334,0
997,31316.373,3.185000,0.000000,11089.752700,-818.484526,-818.484526,11908.237226,30.018,4.772,0
998,31347.497,3.185000,0.000000,11080.035200,-829.018652,-829.018652,11909.053852,30.002,5.804,0
999,31376.594,3.185000,0.000000,11087.997700,-821.092691,-821.092691,11909.090391,29.968,5.203,0
1000,31405.809,3.185000,0.000000,11095.960200,-813.115281,-813.115281,11909.075481,30.024,4.404,0
1001,31435.973,2.743000,0.000000,11070.993700,-838.936532,-838.936532,11909.930232,30.423,4.135,0
1002,31465.648,2.301000,0.000000,11062.602200,-847.365766,-847.365766,11909.967966,29.557,4.291,0
1003,31494.845,1.418000,0.000000,11020.251200,-890.552484,-890.552484,11910.803684,30.016,3.546,0
1004,31525.698,0.976000,0.000000,11026.187200,-883.718501,-883.718501,11909.905701,30.062,4.341,0
1005,31556.239,0.534000,0.000000,11013.378200,-896.563693,-896.563693,11909.941893,30.076,4.746,0
1006,31586.883,0.093000,0.000000,10999.538700,-910.367406,-910.367406,11909.906106,30.061,5.349,0
1007,31618.101,-0.349000,0.000000,10984.482200,-925.394261,-925.394261,11909.876461,30.784,5.796,0
1008,31647.178,-0.791000,0.000000,10968.360700,-941.536016,-941.536016,11909.896716,30.013,4.924,0
1009,31676.409,-0.791000,0.000000,10984.063200,-924.946300,-924.946300,11909.009500,30.002,4.110,0
1010,31707.142,-0.791000,0.000000,10982.085700,-926.954297,-926.954297,11909.039997,30.002,4.859,0
1011,31736.348,-1.233000,0.000000,10947.179200,-962.724088,-962.724088,11909.903288,30.019,4.039,0
1012,31766.766,-1.233000,0.000000,10961.776700,-947.252003,-947.252003,11909.028703,29.986,4.441,0
1013,31796.335,-1.233000,0.000000,10958.694200,-950.370905,-950.370905,11909.065105,30.023,4.029,0
1014,31826.182,-1.233000,0.000000,10955.611700,-953.353680,-953.353680,11908.965380,29.979,3.848,0
1015,31856.523,-1.674000,0.000000,10919.674700,-990.247209,-990.247209,11909.921909,30.027,4.136,0
1016,31886.173,-1.674000,0.000000,10933.129700,-975.889283,-975.889283,11909.018983,30.003,3.859,0
1017,31917.000,-1.233000,0.000000,10961.799200,-946.363231,-946.363231,11908.162431,30.005,4.639,0
1018,31946.507,-1.674000,0.000000,10908.222200,-1001.651661,-1001.651661,11909.873861,30.021,4.159,0
1019,31976.601,-1.233000,0.000000,10954.531700,-953.602450,-953.602450,11908.134150,30.070,4.161,0
1020,32006.710,-1.674000,0.000000,10900.954700,-1008.910745,-1008.910745,11909.865445,30.052,4.187,0
1021,32036.381,-1.674000,0.000000,10914.409700,-994.609965,-994.609965,11909.019665,30.076,3.797,0
1022,32067.567,-1.674000,0.000000,10910.224700,-998.790651,-998.790651,11909.015351,30.810,4.209,0
1023,32097.181,-1.674000,0.000000,10906.039700,-1002.993894,-1002.993894,11909.033594,29.992,3.801,0
1024,32127.840,-2.558000,0.000000,10835.996700,-1074.815243,-1074.815243,11910.811943,30.025,4.416,0
1025,32157.193,-2.116000,0.000000,10897.890700,-1010.244788,-1010.244788,11908.135488,30.021,3.679,0
1026,32189.140,-2.116000,0.000000,10874.920700,-1034.111004,-1034.111004,11909.031704,31.372,4.290,0
1027,32217.568,-2.558000,0.000000,10836.701700,-1073.178683,-1073.178683,11909.880383,28.570,4.130,0
1028,32247.791,-2.999000,0.000000,10815.132200,-1094.766658,-1094.766658,11909.898858,30.012,4.326,0
1029,32277.382,-2.558000,0.000000,10858.129200,-1049.981513,-1049.981513,11908.110713,30.019,3.845,0
1030,32307.438,-2.558000,0.000000,10834.094200,-1074.911416,-1074.911416,11909.005616,30.009,3.955,0
